:020000040800F2
:1000000020130020D5000008DD000008DF000008F4
:1000100000000000000000000000000000000000E0
:10002000000000000000000000000000E1000008E7
:100030000000000000000000E3000008E5000008E8
:10004000E7000008E70000085D3F0008E70000083F
:10005000E7000008F50C0008050D0008150D000864
:10006000E7000008E7000008E7000008E7000008D4
:10007000E7000008E7000008E7000008E7000008C4
:10008000E7000008E7000008E700000800000000A3
:10009000E7000008E7000008E7000008E7000008A4
:1000A000E7000008E7000008E7000008E700000894
:1000B000E7000008553F000800000000E7000008C6
:1000C0000348854600F0D2FB004800478D800008B9
:1000D000201300200448804704480047FEE7FEE75D
:1000E000FEE7FEE7FEE7FEE725650008C100000821
:1000F00030B50B46014600202022012409E00D46C0
:10010000D5409D4205D31D469540491B2546954047
:1001100040191546521E002DF1DC30BD70B500248B
:100120002546002801DA01244042002901DA012590
:100130004942FFF7DDFFAC4200D04042002C00D026
:10014000494270BDF0B51FB40646002082B0054696
:100150004024019100901BE0019922460F46304651
:1001600000F0AEFA049A059B801A994110D310460C
:100170001946224600F094FA361A8F41019722461A
:1001800001200021009F00F08BFA38184D410090AB
:100190002046641E0028DFDC019B00982946324679
:1001A00007B0F0BDF0B51FB486B0002000900190FC
:1001B00002900698069980B204900798090C0204F0
:1001C0000014114307900027089D099806913E46A8
:1001D0003C4603900398A9B20204000C03900498D3
:1001E0002D0C154348430021224600F059FAC71947
:1001F000714110340E46402CECDB3846029A00F078
:100200004FFA009A019B8018009059410298019181
:10021000103002904028CCDB00980BB0F0BD0346B4
:100220000B439B0703D009E008C9121F08C0042A2A
:10023000FAD203E00B780370401C491C521EF9D21D
:100240007047D2B201E00270401C491EFBD27047D9
:100250000022F6E710B513460A4604461946FFF792
:10026000F0FF204610BD421C0178401C0029FBD144
:10027000801A704730B505460020034600E05B1C3D
:10028000934205D2EC5CC85C201A01D1002CF6D157
:1002900030BD0321001D401E037812021A43491E7F
:1002A000F9D5104670470000F0B50746084658409B
:1002B00087B0C00F049048000E4659004008490816
:1002C000BC1A884105D2384631461E4617460B46B1
:1002D00002465800400810434CD0300D03904005B2
:1002E0005900400D490D0590401A0290402872DADD
:1002F00018030121000B090508430190049800929E
:10030000002805D0019952420020884100920190B6
:10031000029840210A1A0199009800F0C1F9054697
:100320000C466B4607CB00F0DCF9C0197141039A0B
:100330000E0D0023D71756401A467A40164344D074
:10034000049A002A2DD0029A012A039A15DC12057C
:10035000C01A914101263605001C7141D20F059E3D
:10036000D2070093019202962A46234600F0D9F95B
:1003700007B0F0BD38463146FAE71605224A0F4667
:10038000B218C01AB74101210905001C4F410018DD
:100390007F41114618187941E20F10436D196441ED
:1003A00013E0E2076D0815436408C2071443039A7B
:1003B00001261205C01A91413605001C7141CE0775
:1003C000400830434908C01851412A46234600F0EE
:1003D0009BF9CDE7FFE7049801224000C117121AEC
:1003E00000238B4104983146C417381AA141EEE727
:1003F00030B40124E407634030BC55E730B4012435
:10040000E407614030BC4FE70000E0FFF0B51FB4E7
:1004100088B00B990998002448400999C00F4900F9
:1004200049080991C0070B990090490049080B91B0
:1004300009990898A64608431CD00B990A980843C6
:1004400018D0099801244000420D4800410D099838
:1004500024050003000B204309900B980003000BB8
:1004600020430B9050181C4940180022019014465C
:10047000104605E0002001460DB0F0BD032801DA6A
:10048000034600E003239C46C11A0AAE0AE05F005F
:1004900008ADED5B4F00F75B7D430027AA187C4158
:1004A000491C5B1E6145F2DD410004AB5A52210438
:1004B000120C0A43240C401C0828DFDB0198029030
:1004C0000099704601910090059B049A079906983F
:1004D00000F027F9D0E700000DFCFFFFF0B50C4657
:1004E0005C4085B0E40FE40703944C0000266408E8
:1004F00059009446490802460296224321D062469A
:100500000A431ED06200570D4A000E032303550D07
:10051000012402462C492405781B1B0B360B40187E
:1005200023432643614600901C46501AB44103D32E
:100530000098401C009002E0921800985B4100284F
:1005400003DA0020014605B0F0BD002001210905B5
:100550000746864611E064461D46141BB54106D386
:100560006546521BB341744607430C43A646CD076C
:1005700040084908284392185B4105460D43EAD1DB
:100580001046184313D06046194650407140084346
:1005900006D06046101AB34106D20122002306E0BD
:1005A00000220123DB0702E00122D243531000980E
:1005B00074460105381C6141029C039D0019694184
:1005C00000F0A2F8BFE70000FD03000070B54B008B
:1005D0005B0803430BD04B005C0D0026334665429D
:1005E000B341D417AD1AA34102DB0020014670BD10
:1005F00012053018514170BD0EB5C217C10F5040E1
:10060000CA0740180021054B0293019200910A4647
:100610000B4600F086F803B000BD00003304000074
:100620000EB505490291002100910A460B46019141
:1006300000F077F803B000BD330400004A0009035E
:100640000123090B1B051943094B10B5520D9A42A2
:1006500001DA002010BD064B34339A4203DC9A1AAB
:1006600000F02EF810BD03495118884010BD00005D
:10067000FF030000CDFBFFFF10B5002904DB0124C0
:10068000E40740428C412146002B04DB1C46012339
:10069000DB075242A341994200D1904210BD0000B5
:1006A00010B5202A04DB0146203A9140002010BDFD
:1006B000914020239C1A0346E3401943904010BD0B
:1006C00010B5202A04DB0846203AD040002110BD96
:1006D0000B46D340D0402024A21A9140084319462B
:1006E00010BD10B5202A06DBCB170846203A104172
:1006F000C1170B4306E00B461341D0402024A21A39
:1007000091400843194610BD10B5002B08DA0024AB
:10071000401C614192185B411A4301D140084000DE
:1007200010BDF0B51FB482B005460C0003D00846DA
:1007300006F020FB02E006F01DFB20300246009090
:1007400021462846FFF7ACFF049B059A04460F4656
:1007500018431143084314D0184610431BD0009887
:1007600040210A1A18460599FFF7AAFF05460E46CA
:10077000009A05990498FFF793FF084305D00120DC
:1007800004E02046394607B0F0BD0020C1170543FC
:100790000E432C43374300990E986305401A7905A0
:1007A000E40A00220C43FD0A0A3002D5002001466B
:1007B000E9E70105101969410C9C0D9D001969417B
:1007C000FFF7A2FFDFE70000F8B505464800400844
:1007D0000C46284304D06000184A400D904201DDC9
:1007E0002846F8BD15493539884210DC88420BDBB4
:1007F000290D200308432903014305D0E00F1049C8
:10080000C00741180020F8BD00200146F8BD161AA7
:100810004020821B28462146FFF742FF07460091F1
:10082000284621463246FFF74BFF3A46009BFFF72A
:100830006BFF3246FFF734FFF8BD000033040000C1
:100840000000F03F10B5002904DB0124E40740421A
:100850008C412146002B04DB1C460123DB0752425E
:10086000A3418B4200D1824210BD0000064C0125FD
:10087000064E05E0E36807CC2B430C3C9847103448
:10088000B442F7D3FFF720FC7CA300089CA3000828
:1008900070B58C180578401C6B075B0F01D103788D
:1008A000401C2A1106D10278401C03E006780E7025
:1008B000401C491C5B1EF9D12B0705D40023521E96
:1008C0000DD40B70491CFAE70378401CCB1A921C1C
:1008D00003E01D780D70491C5B1C521EF9D5A14226
:1008E000D8D3002070BDF0B589B00C460746102261
:1008F0000021684607F018FC224624326946084663
:10090000049206F082FA6846007887250006694658
:1009100000280FDA00228E18885C76784300F609EA
:1009200033438B54521C0F2AF5DBC87B0A46400028
:1009300068400DE000228E18885C76784300F60946
:1009400033438B54521C0F2AF5DBC87B0A46400008
:10095000D0732068102812D00878000619D500221C
:100960008E18885C76784300F60933438B54521C0A
:100970000F2AF5DBC87B0A464000684017E00020DC
:100980002218137D0D5C401C6B4013751028F7DB9B
:1009900024E000200B180A5C5B785200DB091A4344
:1009A0000A54401C0F28F5DBC87B0A464000D07370
:1009B0002246256880231432AB54002300E0835480
:1009C0002068401C20601028F9D300202218137DD5
:1009D0000D5C401C6B4013751028F7DB00202118BC
:1009E0000A790B7D401C5A400A711028F7DB10224F
:1009F000211D05A807F080FB394605A8049A06F0DA
:100A000004FA10220021684607F08EFB09B0F0BD01
:100A100010B5044610220021001D07F085FB0020C0
:100A2000014620602046F022243007F07DFB10BDF7
:100A30000B46024610B524321021184606F010FA73
:100A400010BDF0B504460F46214689B00068143148
:100A5000009110311546079100283CD010210E1A44
:100A6000AE4200D316460099B2B24018394607F09C
:100A700043FB206880192060102834D3B54232D05F
:100A8000002021180A790B7D401C5A400A71102859
:100A9000F7DB211D201D079A06F0B7F9BF19AD1B22
:100AA00019E0002021180A793B5C401C5A400A7169
:100AB0001028F7DB1022211D02A807F01DFB02A958
:100AC0000846079A06F0A1F9102202A9201D07F096
:100AD00013FB103D1037102DE3D8AAB23946009809
:100AE00007F00AFB256009B0F0BD0000F7B5234907
:100AF0000F22497A214B511ACDB2197A5B7A0F260F
:100B0000F31A0A46DEB2871E491C0124C9B2761EBA
:100B10003B0006F05EF909060C060C120C06062BCB
:100B20003000164BAA4224D2154CA05403E0134BBC
:100B3000B24215DB1DE019720DE0104EAD1EAA4247
:100B400017DA0F4B985401985854491CC8B20299AF
:100B50001954401C3072002408480121C17108E07A
:100B6000074CA05401986054491CE4E7034BAA4287
:100B7000F6D32046FEBD0220FEBD0000F40000209A
:100B8000090B002010B508F027F808F0A3F810BDF5
:100B900070B5144E0025144C0DE000F007F92168E3
:100BA000012870540CD00D280FD00A280DD07F29B1
:100BB00013D0491C216001F065F90128EDD070BD0A
:100BC0000620256006F050FE70BD0029F3D0755454
:100BD000044807F0BFFB2560EDE70420256006F020
:100BE00043FEE8E7770400202C000020FFB500203A
:100BF00085B00090054606460190002477000798CE
:100C00000121C05BA140084230D028190C2203907A
:100C10005043089A1258002A28D0059A002A01D178
:100C2000490723D00899411808200291085602115B
:100C300000070117069840B203F0A4FA002815D067
:100C400002980C21407A48430E9940188068002889
:100C500004D00198401CC0B2019007E0009A0F999F
:100C6000039888540098401CC0B20090641CE4B201
:100C7000102CC4D31035761CEDB2F6B2102DBCD3B7
:100C8000109901980870009809B0F0BD10B586B0B1
:100C90000320019000200290032105206A464903A9
:100CA000000700F0CFFA0F48C16A49084900C16245
:100CB0000122416B920511434163416B1140059143
:100CC00009494B685B085B004B604B680224A343F7
:100CD0004B604B680424A3434B60416B91434163D9
:100CE00006B010BD001002400058014010B500F0E1
:100CF000ADFD10BD10B5012000F07CFA022000F01F
:100D000079FA10BD10B5042000F074FA082000F044
:100D100071FA10BD10B5102000F06CFA202000F020
:100D200069FA402000F066FA802000F063FAFF20A4
:100D3000013000F05FFA0120400200F05BFA012070
:100D4000800200F057FA0120C00200F053FA01209F
:100D5000000300F04FFA0120400300F04BFA01209D
:100D6000800300F047FA0120C00300F043FA10BDF1
:100D7000FEE701460020062900D10120704700004F
:100D800010B5094A0021CB00D458844207D89B18DB
:100D90009B68834203D9C8008018007910BD491CA4
:100DA000C9B21529EFD3FEE7B88E0008EFF3108122
:100DB00072B6054BD81F5A68F938105C521CD2B273
:100DC00081F310885A607047E007002008B5064993
:100DD000096848430549FFF78BF900E0401E009081
:100DE0000028FBD108BD00002000002040420F0079
:100DF000084840680168C907C90F07D08168C9075A
:100E0000C90F03D080688007C00F01D00020704751
:100E100001207047C800002070B52A4CA068A06867
:100E20001025C006002804DB606801F03BF80028AC
:100E300002D0A068284343E0A068FF210131884325
:100E4000A060A0682843A060FFF7D2FF00280BD164
:100E50006068012102698907920092080A430261D1
:100E6000C16818229143C160174A012110684906E0
:100E700088430843106060688168C900C90F06D1C3
:100E80008168124A11400122120711438160C16832
:100E90000F4A1140891CC1600169C907C90F03D0FD
:100EA0000169490849000161426907218A430A43EF
:100EB0004261A06802218843A060A0680121084324
:100EC000A06070BDC800002008270140E8FFFF7F38
:100ED0001902FEFFF8B51F4C6068C1682025C907DC
:100EE000002903D0A0682843A060F8BD0168490725
:100EF000C90FFBD0606800F0D5FF0028FAD1A068C8
:100F0000012149020843A0606068C1680426090500
:100F1000890F00290BD1016801270907C90F06D0E5
:100F200000F0C0FF002805D0A0682843A0606068DA
:100F30000660F8BD606841680822914341604168DD
:100F4000B1434160A06851018843A060A068384364
:100F5000ECE70000C8000020F8B51A4E0446002552
:100F60002F46706800F09EFF002804D0B068202152
:100F70000843B060F8BD7068816A6203520B114388
:100F800081621148092104401048C9062040884266
:100F900002D10125ED050A270D48044011208006E5
:100FA000844202D10120800505430A4908680322D2
:100FB0009205904328430860002FDBD03846FFF7A6
:100FC00005FFF8BDC80000200000C07C000004C878
:100FD000000002C40827014070B5194C606800F099
:100FE00061FF00280DD1FFF703FF164D002815D132
:100FF00060688168EA43114204D1A0681021084367
:10100000A06070BD81682940491C81600120FFF704
:10101000DDFE60680168C907C90FFBD0A0680A49F6
:101020000840A060A068FF2101310843A06060680B
:101030001C21016081682940091D816070BD00008C
:10104000C8000020E8FFFF7FFEF1FFFFF8B5264C47
:10105000074621780020012945D14D02284600F09D
:1010600039FF224841680907C90FFBD0606800F0CA
:101070001DFF60688168C90FFCD040210091491EA6
:101080000091FCD181681A4E3140491C8160016891
:10109000C907C90FFBD000F005FF002804D0A068E5
:1010A00020210843A06008E06068816A81621149DC
:1010B000086803229205904308603846FFF74CFF0A
:1010C000FFF78AFFFFF706FF6168086C8A6880B245
:1010D0003240921C8A6002220A6001220A6006499C
:1010E0004A6BAA434A63F8BDC80000200070004064
:1010F000E8FFFF7F082701400010024010B50448B8
:10110000016889088900016000F016FF30BF10BD3A
:101110000070004030B585B0EFF3108472B6142132
:101120006846FFF795F803200190002005252D075C
:1011300002906A468021284600F084F86A464021E1
:10114000284600F07FF86A460821134800F07AF834
:1011500001216A46C903284600F074F80F48406828
:1011600080470F4801680422114301600D490B6854
:101170002025AB430B6084F31088016801238908A4
:10118000890019430160084801691143016130BFBA
:1011900000F0D2FE05B030BD00040050248E0008DF
:1011A000007000400048004000ED00E010B5EFF393
:1011B000108472B600F03AFF0C4801684907C90F65
:1011C000FBD000F04BFF00F053FF0028FBD00320C2
:1011D00000F056FF00F022FF0C28FBD100F026FEA5
:1011E00003480068804784F3108810BD0010024057
:1011F000248E000810B504494A69024202D04861B1
:1012000000F0D8F810BD00000004014001460020A5
:101210000A0A00D00820084A114201D004221043D3
:10122000064A114201D002221043054A114201D060
:101230000121084370470000F0F00000CCCC000012
:10124000AAAA0000F8B505460B200C460007174671
:1012500029180BD001208002091A09D0091A0DD0D3
:10126000814201D1082004E0802002E0012000E05A
:10127000022000F055FE2E4600250AE00420F8E783
:10128000E00704D03A462946304600F005F86408E5
:101290006D1C002CF4D1F8BDF8B501238B405468C7
:1012A0009BB2022C0CD1CC10A40027183C6A4D072D
:1012B000EE0E0F25B540AC431569B54025433D62A0
:1012C00001248C40A4B26443650056686519012E60
:1012D00001D0022E08D1D76886686743AE433E43EB
:1012E000866046689E434660576806686743AE431B
:1012F0003E4306609768C6687C43AE432643C6609B
:101300005268D20044D5234A0124556B25435563C6
:10131000526B2240009205221207904201D1002216
:1013200019E01D4A904201D1012214E01B4A90426B
:1013300001D102220FE01A4A904201D103220AE0B1
:10134000184A904201D1042205E0174A904201D187
:10135000052200E006228807000B891008430106D9
:101360008C0D124961188C68050C0F20A84084432D
:10137000AA4014438C600E4801681943016041681B
:1013800099434160816819438160C1689943C16094
:10139000F8BD00000010024000040050000800509A
:1013A000000C005000100050001C005000000140D4
:1013B0000004014010B5FFF729FF810002484058A2
:1013C000002800D0804710BDF804002070B51E46EC
:1013D00015460C460846FFF719FF002E38D01D4968
:1013E00080000E50FF2101318C4208DA082C1DD0FC
:1013F00005DC012C18D0022C16D0042C16D00720A6
:10140000A907FF22090E002812DA0346083B9C08B0
:10141000114BA400E318DD698407E40EA240954354
:10142000A1400D43DD610FE00520E9E70620E7E775
:1014300084080A4BA400E41823688507ED0EAA402F
:101440009343A9400B43236001218140044801607C
:1014500070BD0000F804002000ED00E000E400E0B2
:1014600000E100E0002A01D081617047816270478D
:10147000002A01D08161704781627047002A01D043
:10148000816170478162704770B500240E48FFF794
:10149000DDFD0E4E0E4D010013D00E483246008B7E
:1014A0005043FEF725FEB04201D9FE2409E0A842D0
:1014B00007D3401BFE2148434B210901FEF718FECC
:1014C000C4B2204670BD0000000002C4B80B00008A
:1014D000080700006000F81F03494A690869496A63
:1014E00050404840704700004000F81F09490B6910
:1014F0004A69496A59180B0EC3710B0C83710B0AA8
:1015000043710171110EC170110C8170110A41708B
:10151000027070474000F81F10B586B0142168466D
:10152000FEF796FE032001900020029005206A46F7
:1015300010490007FFF786FE0F4C6A4621460F4808
:10154000FFF780FE6A4621460D48FFF77BFE6A469C
:1015500021460C48FFF776FE012000F0D9FC02205E
:1015600000F0D6FC042000F0D3FC802000F0D0FC7A
:1015700006B010BDFF9F0000FFFF000000040050F8
:1015800000080050001C005070B5114C6078002815
:101590001DD120780126002811D175022670284619
:1015A00000F098FCFFF738FC606800F07FFC606892
:1015B0008168C90FFCD00748416BA94341630648C5
:1015C0000068804700F0F8FB00F0D2F9667070BD4B
:1015D000C800002000100240248E000808B50F4803
:1015E0000121826B09070A438263806B08400090E7
:1015F0000B480168102291430160016842151143B4
:10160000016008490A6808231A430A600168021544
:1016100011430160FFF780FF08BD00000010024089
:10162000007000400020024070B50120000700F06B
:1016300045FC00F0C1FC14480168C905C90FFBD086
:101640001248016903221204012311401B0499422C
:1016500019D0016905699143DC00254305610569DD
:10166000A5430561016189050DD501698905FCD591
:10167000064940390C6803252D05AC430C6001690F
:1016800091431943016170BD007000404010024059
:1016900010B500F02BFC002808D1012000F02EFC32
:1016A00000F024FC012801D0FFF762FB194CE06830
:1016B000F0218843E06000F0DBFC002801D1FFF757
:1016C00057FB032000F0DCFC00F0A8FC0C28FBD149
:1016D00000F00CFC002808D0012000F00FFC00F006
:1016E00005FC012801D0FFF743FBE0680721090250
:1016F0008843E060E068C9008843E06002F00CFCC9
:10170000E168054A0906090F515CC84003490860B1
:1017100010BD000000100240688F0008200000206B
:10172000F8B50027164901252D07896B3E46284646
:10173000884303D0284600F0C1FB0127114C2068E4
:10174000C005C00F06D100F037FC01262068C00597
:10175000C00FFBD00A484030026981150A4302617C
:1017600002699205FCD5002E02D0206888432060D3
:10177000002F03D00248816BA9438163F8BD0000AC
:10178000001002400070004010B500F047FC1B4CF8
:1017900004280CD00C2804D1E06801210904084277
:1017A00005D000F043FC20684007C00FFBD0606804
:1017B0001F2109028843012109030843606000F0EA
:1017C0002DFC0C2817D020680121090688432060D1
:1017D00000F04EFC0028FBD1E068FD21090488439D
:1017E0001121C9040843E06000F038FC00F040FC1F
:1017F0000028FBD010BDFFF7BBFA10BD001002405F
:1018000001090A2200075143000F0818C0B27047AF
:1018100010B50A21FEF76CFC00010843C0B210BDF0
:101820000948CA214162532141628168821591436E
:1018300081608168821491438160C168C907C90FC2
:10184000FBD0FF21416270470028004070B5410E77
:10185000C0017D220023FEF775FC054600F080F8EC
:10186000044600E000BF00F07BF8001BA842F9D35B
:1018700070BD0000F8B505462C480C46816A066824
:101880004768826A8A42F9D188B2A060B002800EAD
:10189000FFF7B6FF20717004400EFFF7B1FF6071D3
:1018A0007006400EFFF7ACFFA071012080050640D6
:1018B0003804400F26602870F804C00EFFF7A0FF20
:1018C0006870B806800EFFF79BFFA8703802000E04
:1018D000FFF796FFFF216E31C21C41439208E8706A
:1018E00051186A780023561E03E0114FFF5C7918E7
:1018F0005B1C9E42F9D8800702D1032A00D3491C01
:10190000A878491E401821791822504308183C2114
:1019100048436179074A40183C214843A17940185F
:10192000A1688002511A4018F8BD0000002800404C
:101930009C930008FF0300000320704701480068E3
:1019400070470000380500201FB5694603A8FFF75F
:1019500091FF0249096804B0401A10BD3805002003
:101960001FB5694603A8FFF785FF04B010BD00004E
:1019700010B5064C2078002807D100F045F8FFF795
:101980004FFF00F0AFF80120207010BD30000020A4
:1019900010B5012001F014F9084CE068C005C00F33
:1019A00007D005F0AFF8E06880210840FF388238A2
:1019B000E060012002494004486110BD0028004059
:1019C0000004014070B50446FFF7BEFF211A0D4D1B
:1019D0000220285EC01C814203D9012001F0F0F8EA
:1019E00002E0012001F0E0F801F0F6F8002805D14E
:1019F000012001F0E5F80220285E241A204600F0BC
:101A00007DF870BD30000020F8B5FFF789FEFFF7C4
:101A10000BFE2C48016901229204114301612A49FD
:101A20000868FF2702263A049043086027490420EB
:101A30000860274CCA20606253206062204600F094
:101A400029FBA06840218843A060A06803214905C4
:101A50008843A060A068F1048843A0601D49206904
:101A6000C00BC0030843206120697F21090488431B
:101A70001F210904084320618025ED43E560E06CE7
:101A8000B043E064E06C40084000E064204600F0B1
:101A900001FB11496068114A1040084360602068EA
:101AA0000F4908402060E560A0688006C00F02D1A1
:101AB000204600F015FBA06820210843A060676263
:101AC000F8BD00004010024000E400E000E100E04A
:101AD00000280040FF03000001C10000C00000FF1B
:101AE000808080FF10B5044C2046211D1030FFF788
:101AF000C1FE206010BD000038050020F0B504468E
:101B0000614885B0011D0EC901AD0EC50069009088
:101B100000F0CAF85D480399A20A401AA105890D90
:101B2000081881B2684686785948434202E0121884
:101B3000761CB6B29A42FAD26846E123007A1B01BB
:101B400002E0D21A401C80B29A42FAD26B465D7A09
:101B500002E06D1CADB23C3A3C2AFAD29B7A9A184C
:101B600097B20122920203E0891A7F1C89B2BFB2A8
:101B70009142F9D203E03C3F6D1CBFB2ADB23C2FA5
:101B8000F9D203E03C3D401CADB280B23C2DF9D20D
:101B900003E01838761C80B2B6B21828F9D26C4629
:101BA00063783C4AE4789A5CA40706D1022B04D1FE
:101BB000521CD2B201E0B31A9EB29642FBD8364C08
:101BC000CA22626253226262A268A3159A43A2608B
:101BD000E26880231A40FF3A823AE260E268D20764
:101BE000D20FFBD0294A511A626CD20BD2030A439E
:101BF0006264616C0F221206914305225206114362
:101C00006164C0B2FFF704FE0090E8B2FFF700FE87
:101C10000546F8B2FFF7FCFD024600980199000462
:101C2000084329020843E16910431C4A114001435B
:101C3000E161E069D1058843E061F0B2FFF7E8FDBA
:101C4000E1693F221206914300060143E161E06928
:101C500013490840E061A068012189048843A0601D
:101C6000A06889120843A060A06809010843A06029
:101C70000C48490102680A43026082680A43826094
:101C8000FF20606205B0F0BD38050020FF030000B2
:101C900080AEFEFF9B93000800280040808080FFFC
:101CA0007F7F7F7F0004014010B50548C168802216
:101CB0001140FF398239C160FFF7B2FD10BD00004D
:101CC0000028004010B57D2105F06BF84906C009D9
:101CD000084310BD10B5410EC0017D220023FEF760
:101CE00031FA10BDF0B5244D89B06878002840D194
:101CF000224801680120042211423AD0687001A9EB
:101D000008A8FFF7B7FD1E4C0090606C4604E06920
:101D1000760C3F21090408408002800EFFF770FD19
:101D20000690E0697F21090208404004400EFFF759
:101D300067FD0746E0694006400EFFF761FD01467A
:101D4000E0693F22120610408000800E18225043A6
:101D5000069A80183C225043C2193C204243501836
:101D600008498002891B41180098401A69880818A0
:101D7000688009B0F0BD00003000002000E200E003
:101D800000280040FF0300000A490A685206D20FEB
:101D900003D10A6840231A430A6008738868C007A1
:101DA000C00FFBD0C868C0B28A681206D20FFBD140
:101DB000704700000030014000B518480121426B17
:101DC0008BB009030A434263406B164A08400A90ED
:101DD0000020FF2105310191012100904902059168
:101DE0000290039004900E4B0146126803E05208E3
:101DF000491C072901D29A42F9D8C90007900691D7
:101E000008906946084800F0A5F9012801D0FEF7BE
:101E1000AFFF00F00BF80BB000BD00000010024057
:101E200080969800200000200030014030B585B039
:101E300002200190029003200390002004906A4643
:101E400008210F48FFF7FEF9052424076A464021C0
:101E50002046FFF7F7F96A4680212046FFF7F2F99E
:101E600001210191CD0302916A4629462046FFF7E0
:101E7000E9F9012229462046FFF700FB05B030BDF5
:101E800000040050EFF3108172B6054805C8824285
:101E900001D0012000E0002081F31088704700008D
:101EA000E007002080684007C00F70478168172254
:101EB0009143D207114381607047000008B504497F
:101EC0008A6B02438A63896B0140009108BD000060
:101ED0000010024008B504494A6B02434A63496B4B
:101EE0000140009108BD0000001002400248006857
:101EF000C007C00F704700000020024003490A6875
:101F00005208520002430A6070470000002002405D
:101F10000249CA6A8243CA62704700000010024048
:101F200008B50449CA6A0243CA62C96A01400091FD
:101F300008BD0000001002400248016904229143DC
:101F40000161704700ED00E070B5044600680E4680
:101F50000025C007C00F2AD1F168706822680843C5
:101F60003169144B1A40114308432060B16860681E
:101F7000032212039043084360607169A068121144
:101F800090430843A060900000F01EF800280ED097
:101F90003268002A0BD0010E0602500800233018C8
:101FA00001255941FEF7CEF80003000BE0602846FA
:101FB00070BD0000F3E9FFEF02480168821511438C
:101FC000016070470070004010B512490024C968D4
:101FD000014001208002091A12D0091A14D081424E
:101FE00007D100F033F8002801D00124E403204693
:101FF00010BD01F06FFF01F053FF01F05FFF01E042
:1020000001F068FF0446F2E700F018F80028EED06F
:10201000014CECE7401002400024F4000248C06884
:102020000C2108407047000000100240024801687F
:10203000012211430160704700100240024800680D
:102040004007C00F704700000010024002480069BE
:102050008005C00F7047000040100240034801682F
:102060000122120611430160704700000010024077
:10207000024800688001C00F704700000010024055
:102080000349CA68920892000243CA607047000080
:102090000010024018B57D21C9000091C1680122DD
:1020A0004906C90F15D1491EC160C1680B4B4906CD
:1020B000C90F0CE01969C903C90F02D00099491E64
:1020C0000091C168009C4906C90F002C03D000296B
:1020D000F0D0104618BD0022FBE7000000E000E051
:1020E00038B57D24E4000094C268012180231A40A1
:1020F000A13AC260C268164B9206D20F0CE01A6970
:10210000D203D20F02D0009A521E0092C268009DE4
:102110009206D20F002D18D0002AF0D1002912D03B
:102120000094C2689206D20F0BE01A69D203D20F54
:1021300001D0621E0092C268009C9206D20F002C51
:1021400003D0002AF1D0084638BD0021FBE700008B
:1021500000E000E010B5036800225B06DB0F25D12C
:102160000CC94C681A430B6823431A438B681A4303
:10217000CB681A430B691A434B691A438B691A439C
:1021800003680E4C23401A430260426804239A43BA
:10219000CB681B0C1A43426001238A695B03083930
:1021A0009A4202D1898C89B201610122C16901235D
:1021B000DB029943C161104610BD00004000FFFFE3
:1021C000F8B5174605460A461948069C089E079921
:1021D000447183711C0AC4711C0C04721B0E43727F
:1021E00081720B0AC3720B0C0373090E4173D4B2D4
:1021F000C4731048FEF70CFC39460E48FEF718FC75
:1022000010220B490B48FEF71CFC224629460948C0
:10221000FEF717FC0749C81FFD38FEF764FB064CA4
:10222000601CFEF736F82178000208433060F8BDE4
:102230005C010020440D0020400C0020FEB50F463C
:10224000050016467ED028680028FBD06868002864
:10225000F8D0A8680028F5D0104602F0F8FB002856
:1022600071D06F4C0021E765A565224626741732B0
:10227000117061742163A175E174216561650821A4
:102280006A4611703046694602F0D3FB0198002877
:1022900000D0012020750521684601706946207C28
:1022A00002F0C7FB5F4D019828700321684601705A
:1022B0006946207C02F0BDFB0198687009216846E0
:1022C00001706946207C02F0B4FB019868600A2125
:1022D000684601706946207C02F0ABFB0198A8605B
:1022E0000B21684601706946207C02F0A2FB019830
:1022F000E8600C21684601706946207C02F099FB79
:10230000019828610D21684601706946207C02F021
:1023100090FB019868611021684601706946207C35
:1023200002F087FB019868761121684601706946C2
:10233000207C02F07EFB0198E86112216846017062
:10234000694601E067E068E0207C02F072FB2E46FF
:102350002036019830701721684601706946207C4C
:1023600002F067FB019830711821684601706946D8
:10237000207C02F05EFB01987071192168460170A3
:102380006946207C02F055FB0198B07101262E763B
:102390000021207C02F054FB02F0CAFB28462249AF
:1023A000283004F099FB7D212846C900283004F02C
:1023B000FBFB28461D49583004F08EFB28461C497B
:1023C0006C3004F089FB28461A49803004F084FB05
:1023D00028461949943004F07FFB294617483C31C0
:1023E0000860174888601748086117484860174810
:1023F000174DC8600B48A9683C308847E064E8691D
:10240000804706F039F9A674304604F02FF8686B5F
:1024100080470020FEBD0320FEBD0B20FEBD000056
:10242000F4000020500B0020692E0008B937000886
:10243000BD36000815370008F52D00088135000865
:102440007D300008F1340008813600083935000875
:10245000248E0008F8B504461D4617460E460D4862
:10246000FEF7D6FA39460B48FEF7E2FAF2B22146F9
:102470000848FEF7E6FA0749C81FFD38FEF733FAA9
:10248000054C601CFDF705FF217800020843286019
:10249000F8BD0000440D0020400C0020FFB585B0C1
:1024A0000F46044607ADF02200211D480E9E05F0A0
:1024B0003BFE1B4A1021204604F0D2FC10220021D2
:1024C000684605F031FE0121684601700622394652
:1024D0006C46401C05F010FE02222946E01D05F066
:1024E0000BFE0F4A6846089904F08FFC1022002169
:1024F000684605F019FE0221684601700622394639
:10250000601C05F0F9FD02222946E01D05F0F4FDEE
:10251000034A3146684604F078FC09B0F0BD00007B
:10252000500C0020F8B517460E4605461C46F02212
:1025300000210B4805F0F8FD094A1021384604F047
:102540008FFC074A2146284604F05FFC102E06D374
:1025500021462846024A1031103004F056FCF8BDDE
:10256000500C0020FEB50446002002260190002CED
:102570005FD03548016BCA0701D1C80601D50120DB
:10258000FEBD002069460870014614222F4805F060
:10259000CBFD2E48012545702078002804D0012865
:1025A0000AD0032843D118E0274869460573087804
:1025B000C006C00E403008E023484573E17B01733C
:1025C00069460878C006C00E8030087020790190F6
:1025D0000E20A6892056A7680BE01B4869460573A4
:1025E0000878E0210843694608700A2026892056A9
:1025F00067681549097900290ED1694608721248A1
:10260000022202A9007C02F087FA002811D00F49AB
:102610006846007AE839487033463A466846019978
:1026200003F086FE060006D00749002048713046B8
:10263000FEBD0320FEBD0548217801700248173019
:10264000017829430170F2E7F4000020100C00200B
:10265000FEB500250446002816D0304927782E48BC
:102660000E462836027C3B0004F0B3FB1A1012150C
:1026700017191C1E21232527302E383A3C3E404294
:1026800044464A484C4E50520320FEBD407C00E078
:10269000C07820713DE00079FBE7406C00E0806C81
:1026A000606036E01E48FBE71D481030F8E7807C8C
:1026B000EFE7C07CEDE7162009E018493C39886D4A
:1026C000C96DA160606024E0142000E01320694619
:1026D0000870104602F0ADF90198E1E7087ED8E7EE
:1026E0004868DDE78868DBE7C868D9E70869D7E7A5
:1026F0004869D5E77078CCE74878CAE73078C8E70A
:102700000878C6E7406ACBE7806AC9E7006AC7E78E
:1027100002252846FEBD0000F4000020280B002002
:10272000EC070020FEB50024002805D061490A8E80
:10273000D20703D00120FEBD0320FEBD5D4B07780C
:102740001E7C00225C4D3B0004F043FB190E1F224F
:1027500025282B313A3FB1424F495A606366696C74
:102760006F7F9B8CABAEB10000794874002804D019
:10277000012805D0022803D103E05048406B804770
:1027800096E04A7100F0C6FF92E00079C8708FE0D1
:10279000007908718CE04068486489E0406888648A
:1027A00086E0416800297AD01022454805E041685A
:1027B000002974D042481022103005F09DFC77E0CB
:1027C0000079887403F052FE72E00079C8746FE0FB
:1027D000394982683C394068CA65886568E0406864
:1027E000019001206946087203E040680190684644
:1027F000027201A9304601F0DBFB00284FD057E000
:102800000079411E0E294AD8287651E04068686058
:102810004EE04068A8604BE04068E86048E04068EF
:10282000286145E04068686142E0017968460170CE
:1028300003226946304602F06FF900282FD068461F
:1028400001781D482830417032E0007969460870EF
:102850000222304602F060F9002820D06846007855
:10286000687025E00079694608700522304602F05C
:1028700053F9002813D0684601780F4828300170BA
:1028800016E00079694608700422304602F044F9E7
:10289000002804D068460078287009E0FFE7032488
:1028A00006E04068486203E04068886200E0022475
:1028B0002046FEBDF4000020280B0020248E0008D6
:1028C000EC070020F0B50446022087B00290002CEF
:1028D00031D03F4D288EC00714D10C2200213D4835
:1028E00005F022FC3B4F0120787020782E461736E9
:1028F000002804D0012856D002284CD15FE0288E51
:10290000C00602D5012007B0F0BD6068002812D0D3
:10291000A06800280FD0E06800280CD0207C002898
:1029200009D0694608731A2203A9287C02F0F4F83A
:10293000002802D009E00320E5E71B206946087063
:10294000287C02F076F8019820743078042108433E
:102950003070207838706068A863A068E863E06829
:1029600028640020A8756946087402F0E1F8A87D83
:102970006946401C888205A9287C01F002FB1549A4
:102980000023FC3948701A46194604A803F0D0FC0D
:102990000290002805D0002068713078FB210840A3
:1029A00030700298AFE73078042108433070207807
:1029B0003870002211460220FEF798F8E8E73870D8
:1029C0003078042108433070A08803F063FDDFE70E
:1029D000F4000020240C0020FEB508AF70CF6F4635
:1029E00070C700F001F8FEBDFFB50D46002681B0AE
:1029F0001F460124F0223146294805F095FB284A5C
:102A00001021039804F02CFA26480A994171877125
:102A1000390AC171390C0172390E41720B998172F8
:102A20000B991F4F090AC1720B99090C01730B997D
:102A3000090E4173203F18E01A48194AC473641CF8
:102A40001146A4B2203904F0E0F900203118019AAF
:102A50003B5C525C401C5A400C9B80B25A5410287C
:102A6000F4D3103D1036ADB2F6B2102DE4D2002DE5
:102A700013D00B4A0B481146C473203904F0C5F932
:102A8000002008E0019A3118525C3B5C5A400C9BD4
:102A9000401C5A5480B2A842F4D305B0F0BD0000E7
:102AA000500C00206C010020F3B52C4889B00D4675
:102AB000427869460A760078294C0877207A617A4C
:102AC0004018C6B2002D41D000216846017121791D
:102AD0004171E06A214F0290283F7978684601737E
:102AE0003978417320462C30009007AB06AA01A923
:102AF000207C01F037FA7978684641740621017428
:102B0000E07C002802D007206946087404A9207CD4
:102B100001F08FFF0598C0B26870B04218D3801BD7
:102B200028706846182141560022099804F0B6F82A
:102B3000002811D06846182141563246099804F001
:102B4000ADF8002806D000200BB0F0BD0320FBE755
:102B5000002028700920F7E70820F5E7500B002037
:102B6000F400002038B504466846054D047008227C
:102B70006946287C01F0D0FF002800D02C7538BDB4
:102B8000F400002010B502790168407905F026FDB7
:102B900010BD70B50C46054605F0BEF8687105F02D
:102BA000EFF8207070BD0000EFF3108172B6034A99
:102BB0001368034381F3108813607047BC01002041
:102BC000EFF3108172B6034A1368834381F31088D0
:102BD00013607047BC010020014800687047000086
:102BE000BC01002010B507480068002802D0FEF79D
:102BF00085FA10BDFEF78EFAFEF7D8FAFFF772F8E5
:102C000010BD0000BC0100200249886401201C396D
:102C10004870704750000020F0B5054640788BB0F2
:102C2000002823D12878002801D0012802D1284685
:102C300005F0E6FC5B4C2278012A02D1A089401CF9
:102C4000A081687B012811D1E978574EE0290FD087
:102C50003046143041712A7B0271A968006805F082
:102C60004BFA306901693046143088470BB0F0BD2B
:102C7000002001270221002A0BD0AA681278627076
:102C8000130004F0A6F8082B3A3E4042565C7C053F
:102C9000ECE72A7B042AE9D1AA681378012BE5D155
:102CA0005378012BE2D19378012BDFD1D278012A1E
:102CB000DCD13D4AB070E023143253711171A08110
:102CC000A073E07320742770677068460170077105
:102CD000FFF728FD0020FFF745FFC7E7A081207020
:102CE00068460173B068417A6846017403A8FFF72B
:102CF00019FD012005F020F8B8E72B4814300171C8
:102D0000B4E7B7704BE0B07049E02748297B143036
:102D10000171026804211170012106E0AA680368AC
:102D2000525C521C5A54491CC9B202798A42F5D8E5
:102D30009CE76846077606A8FFF7C4FD96E7A081E2
:102D40000546207068460170B068417A6846017196
:102D5000FFF7E8FC012004F0EFFF68460576124813
:102D600003211E300790083008900830099008A809
:102D7000017206A8FFF7A6FD0520307076E7287BD4
:102D800003280CD168460176A86881784278080249
:102D9000104341BA6846818306A8FFF793FD677028
:102DA00064E70000B80500203400002010B5017869
:102DB0000E4A0123002902D0012914D107E04078EE
:102DC000002801D013700EE0022010700BE0417853
:102DD000002908D106490C78012C04D18B73047AA0
:102DE000CC73407A0874537010BD0000340000208A
:102DF000B805002010B50B4803F020FF0A484179C0
:102E0000002905D001218173016B042291430163E4
:102E1000407C022805D1044808221730017811436C
:102E2000017010BDE40B0020F40000203EB5012528
:102E300068460570FFF70CFC002805D1684600794C
:102E4000074C012804D02570064803F0BFFE3EBDA4
:102E500000F096FE03F08CFA607005202070F3E716
:102E600034000020CC050020FEB500277F4803F089
:102E7000E5FE7F4D7F4C2878010767D5216B4A0618
:102E800004D540229143490849002163774942070C
:102E9000AC310026002A01DBC20710D0734A9832F9
:102EA0005378022B02D04B78022B08D1236B5B089E
:102EB0005B002363637B537116710127966062790F
:102EC0003A436D4F28D142070AD50A78002A09D122
:102ED000A6724978002905D1397EA172666201E0A7
:102EE000C10719D0397EA27A914201D981070ED546
:102EF000A672E06A401CE0626078002802D1606A35
:102F0000401C6062206B40084000206304E0F72111
:102F10000840287000F050FC2878800717D5534AE5
:102F200098321079012803D0607B217B88420ED92A
:102F3000A67366716078002802D1606A401C6062E6
:102F4000607B5071206B40084000206353E0A07B01
:102F5000002850D0208EC0064DD4A673607B217B04
:102F6000884236D2082834D8401C6073C0070FD07E
:102F7000684606706946207C01F05BFD01203856EA
:102F8000019A411E914201D9401E00E0104678701E
:102F900001217956227A207803F080FE002806D09D
:102FA0002878F7210840287003F07EF923E02F48A5
:102FB000072198304170216B4908490021636671EF
:102FC0000671617B417179788170607800280FD03B
:102FD00011E00121207C01F033FD206B400840000E
:102FE00020632248667198300671617B4171ECE77D
:102FF000606A401C6062206B810702D50221884311
:103000002063002814D07D21C900184803F0CCFDAE
:10301000164803F0DBFD2878800708D5A06D4168CD
:103020001248803088472878FD2108402870FEBD6E
:103030002878C00708D0A06D01680C4898308847F0
:1030400028784008400028702878400708D5A06DEF
:1030500081680648AC3088472878FB2108402870F2
:103060002878F72108402870D5E70000780B002069
:103070000B010020F4000020280B0020FFB50446BF
:10308000002097B00D46014613900F900746109010
:10309000FD48119010300A90002015901490FB48C4
:1030A00001711838C2811A9A0274F94AD37B4374A9
:1030B000C17081704171816001734173817441619C
:1030C0000170507C022802D0F248406B8047EF48E4
:1030D000403803F0B3FD2078694608704109281F85
:1030E0006E1E16911290012910D003297ED0052959
:1030F0007CD007297BD0E54901201839487000F0C1
:1031000019FDE348C17B002972D0DCE1E04FF8787B
:10311000002804D0DD4901201839487097E0B1B289
:10312000DD4E601C731C3A6CFFF7FCF968460078B2
:10313000307012980FAB81B230463A6CFFF78AF9C3
:1031400070192038427F017F12020A43817FC07FBD
:1031500009041143000608430F9988424CD1CA481C
:10316000C94B103000907A8B711C386CFFF796F9C0
:103170007079317900020843B179C44C09040143E4
:103180007964307AF17900020843717AE83C0904E5
:103190000143B07A00060843B864F07A4106490F4B
:1031A000617601072046090F20300170307B00074F
:1031B000000FA06001D10120A0607D21C90048431B
:1031C000A0604018E060B448113D0D30039068469F
:1031D000057403A9387C00F0DDFEAC4900201431F1
:1031E00048700120F8700846D43802E009E057E141
:1031F00064E14078607084E7A44905201431487088
:103200007FE7A178607809020143E078A04A0004D2
:1032100008432179090601430791926C05209142E8
:103220009B4918D00F6A0CE03A6807998A4207D187
:1032300001211591391D119110310A917E6A0BE01F
:10324000BF6A002FF0D1092190481838417000F072
:1032500071FC1BB0F0BD8E6A225C69460A70401C8E
:103260000D92235C401C205C01021007000F083007
:103270000C90601919432038037F109A1343427F42
:1032800012021A43837FC07F1B04134300061843B6
:103290001090881B80B20122D2030FA9099090429E
:1032A00012D236180120029100901298019681B234
:1032B0002046079B119AFEF783FF10990F988142D1
:1032C0001AD10120149017E000B201223018120424
:1032D00080180E900291019012980122009281B202
:1032E0002046079B119AFEF76BFF10990F988142B9
:1032F00002D101200E9E14900E2069460875644884
:1033000005A9007C01F095FB06990998814205D832
:103310005E48082118384170466198E714980028E3
:1033200075D05A48002218384270159981700D994D
:10333000C906C90F417182600273544946615448FD
:103340004A70C26242721598062200280CD04F487B
:10335000022118380170796AB14203D1002901D0E5
:10336000427074E77E621EE0169805280CD048482B
:1033700046490023837118390B70806AB04210D11E
:1033800000280ED04A7062E74148404A012181710D
:10339000183A1170806AB04203D1002801D0012090
:1033A00013903B4886620C98281A001F002842DDC3
:1033B0000C9F0C987F1CE91B091F205CC9B20B9164
:1033C00032491839C87000280D9821D0000707D05D
:1033D0001A980821C3B2781EC2B2204600F008FC39
:1033E00001202D4D009001960295E019079B0A9A45
:1033F0000B99FFF7F1FA1398002800D081E62348D3
:10340000183885600B9901730121417320E045E074
:103410000007F3D120480290012101960091E019A4
:10342000079B119A0B99FFF7D7FA1A980021C3B29C
:1034300019480B9A07E00D98000706D01A98082142
:10344000C3B220460C9A00F0D3FB13980028D5D1C4
:103450000D98800605D50D4901200871183988742A
:1034600007E00A48002101710948417B007B814245
:1034700003D906482C3803F0E1FB05480222173037
:103480000178114301703CE6EC070020100C00208D
:10349000F4000020248E00080A0A00200A21D3E646
:1034A000611C2A460F4804F027FE0F4803210170D3
:1034B000002141700B4981600673DEE7407C0228E1
:1034C00001D100F027F90948082201781143017061
:1034D00005480121803803F067FB0348803803F07A
:1034E00075FBB6E60A0A0020F80B00200B0100204D
:1034F00010B50E4C607C022803D00D48406B80470D
:1035000001E000F007F9E07B01280ED16179042089
:10351000002901D007494870064908221431487033
:103520000248173001781143017010BDF4000020EB
:10353000248E0008100C002010B50E4C607C022870
:1035400003D00D48406B804701E000F0E3F8E07BDA
:1035500001280ED161790320002901D00749487064
:103560000649082214314870024817300178114387
:10357000017010BDF4000020248E0008100C002003
:10358000F0B589B003F096FA3A4C0546607C022803
:1035900003D03948406B804701E000F0BBF8A078C9
:1035A0000026364F00282CD038465438216E03F0C0
:1035B000FBFA3846543803F009FB607C02280ED031
:1035C00038464038616E03F0EFFA3846403803F071
:1035D000FDFA607C022802D06079002821D00F20FB
:1035E00069460870207C01F024FA0198616E411848
:1035F00022482C3803F0D8FA20482C3803F0E6FA99
:103600000FE01E497E7003201431487019481730AE
:103610000178002901D101210170C9B208221143AA
:103620000170617D68460172039502A9207C01F05A
:103630004FFA2565617DE27868460274227D427406
:10364000817403F037FA0590606B069004A9207C22
:1036500000F0A7FCA18B606B4143081A616D401814
:1036600060656079002803D17E70A07A401CA0724A
:1036700009B0F0BDF4000020248E0008100C0020DA
:1036800010B50B48407C022803D00A48406B8047A5
:1036900001E000F03FF808490220487014314870FA
:1036A00003480822173001781143017010BD000053
:1036B000F4000020248E0008100C00203EB51248B3
:1036C00003F0BCFA114C0020E0730F4D627D694697
:1036D0000A70943D6A784A706A7E8A70E27C4A7207
:1036E0008872C872607C022802D10948806B8047CA
:1036F000054A69464032207C01F0D6F96846807A56
:10370000696801F0A5FA3EBDBC0B0020F400002062
:10371000248E00083EB5144803F090FA134C694615
:10372000607D08701048104D883800784870A83DBA
:10373000E8690190E07C48720120C872617C02292E
:1037400000D000206946084A88722C32207C01F0A3
:10375000ABF9002807D06846807A696801F078FAEA
:103760006846C07AE0733EBDD00B0020F400002014
:103770003EB5012468460470FEF76AFF002805D1B3
:10378000684601790448012901D004703EBD032137
:10379000017044703EBD00003400002010B50548A3
:1037A00003F04CFA01210520002209030007FDF770
:1037B00059FE10BDC80100201FB5194803F03EFA9C
:1037C000184C1021206B8843206320461730007866
:1037D000400721D512487C30007800281CD101F028
:1037E000A7F9A07D6946401C888103A9207C00F0D0
:1037F000C8FB0B498039487000206946087121795F
:103800000246C9010A4369460A720346024600900D
:1038100002A901A800F03CF802F046FD1FBD00001F
:10382000A80B0020F400002010B5034803F006FAAE
:10383000FFF79EFF10BD00008C050020F0B5064686
:1038400000242046002E01D0002A1ED10020F0BD09
:10385000355DAF1E3B0003F0BCFA091614160612C4
:10386000140E16061600641C1554E4B2401CC0B2B7
:10387000335D135400E01554401CC0B203E0A41C97
:1038800000E0641CE4B2641CE4B28C42E0D3F0BDFE
:10389000F0B50F4687B000210691A24C0C9D019215
:1038A00021831E1E617100D10025EAB222709E4D57
:1038B0000178297000780121400908D0022845D0FC
:1038C000042841D007287DD0022007B0F0BD9748DA
:1038D000E26C03699B1A23664069801A6066218343
:1038E000681C0822E16B04F012FC208B08220830CF
:1038F00080B220832818A16B04F009FC208B0830CB
:1039000020838B48C069804701466083208B06ABCB
:103910002954401C80B2090A2954401C2083C1B29A
:103920008148226CFEF796FD208B06992954401C95
:1039300080B20A0A2A54401C80B20A0C2A54401C45
:1039400080B2090E2954E9E001206071E078002876
:1039500072D00121684601733878744BC1096846FA
:103960004173E06A049071485A1C417868460175B9
:103970006E480178684641756A4803A92C3000906A
:10398000207C00F0EFFA81013878BF221040084314
:103990003870664801214156227A207803F07EF97A
:1039A00000284BD06148E26C8168891A2166C068A2
:1039B000801A6066A079002807D00020A0713878AE
:1039C000202100E0A1E0084338705748A16C417005
:1039D0000A0A82700A0CC270090E017139784171AD
:1039E000A18C8171090AC1715048217A1F38401891
:1039F0004E490825627A103904F07EFB207A617AFC
:103A00004018C1B22172002E23D02078002820D087
:103A10000F2928D8E079002825D03A7810095218C3
:103A200012070001120F104338703F4A3F4F507188
:103A300000201F3F0AE0FFE7072046E7082044E791
:103A40003B5C53556D1C401CEDB280B28842F7D3ED
:103A500009E0002907D0E079002804D0334E217016
:103A60001F3E00200190314A0027103A1046E771AE
:103A70000F38FFF7E3FE6072002801D00120E071EB
:103A800000202072002E1DD0217800291AD0264F48
:103A9000019878556D1CF81D019AF830636AEDB2F3
:103AA000002A2AD000220092019302903A46A36C89
:103AB000103A3046FEF798FF1B4978192278FF31FB
:103AC00004F01AFB207806AB2918218300206E46EB
:103AD000626A0DC6144A1448203AA36CFEF770FBC4
:103AE000114A208B069911540B0A121853700B0CB3
:103AF000090E9370D170001D11E0002200920A4A55
:103B000001930290203AA36CD3E7002B08D0002A3F
:103B100006D0681C314604F0EFFA2078401C208360
:103B20000020D2E6F40000200C080020280B002022
:103B3000248E000810B5104C4021206B08432063F0
:103B40006079002801D0FFF755F9E07B002804D107
:103B5000607C022801D1FFF7DDFD07490A221731F9
:103B60000878104308700121044803F01DF8034849
:103B700003F02CF810BD0000F4000020780B0020AA
:103B800030B419480178012908D01848174900694C
:103B9000891CC268084630BC123010471349847B28
:103BA000143101230A68012C07D04478012C11D06C
:103BB000042C00D1437030BC70470024847303246C
:103BC0000C71052414700C68C27B62700968027C59
:103BD0008A70EFE702230B7183891B0A137009684F
:103BE000007B4870E7E70000B805002034000020A3
:103BF000FFB5054689B0A74816460C46089023E154
:103C0000285D641C801EE4B2030003F0E2F809069C
:103C100012636FA5B2D8F1EFEE009E490020DC31AF
:103C20004870285D0872641CE0B22A5C4A72401C2D
:103C30004EE0002069460872087308770874281956
:103C4000401E0590301B401C087604A907A801916E
:103C5000914F009003AB02AA05A9387C00F0FDFE4D
:103C60000090C04340071FD13879002811D18948FE
:103C7000012120386B46082241569A56914205D1BF
:103C8000002141560C201856814202D0002000909D
:103C90000AE080486946097A203841706946097B04
:103CA00001706946097F0176002706E000220320A3
:103CB0000099FCF71BFF7F1CFFB268460521007CC2
:103CC000FCF716FAB842F1D86846007C2018401E6E
:103CD000C4B2B9E0285D704A641C0121D0728140F1
:103CE00091830022E4B211460420ABE0285D400637
:103CF000410F68464170285D641C0107090F684642
:103D00000170E0B2295C401CC0B201912A5C401CE9
:103D100012021143C0B201912A5C401C12041143EB
:103D2000C4B208466421484301905B486946007C60
:103D300000F0C5FE0146C84340070AD16A4608980C
:103D4000127802705348019A2038C2616A4652784C
:103D500042760022052075E04F48FF21C06D002803
:103D600004D00068002801D08047014606200C9A44
:103D700068E0285D69460874641CE0B20391295C20
:103D8000401CC0B200912A5C401C12021143C0B218
:103D900000912A5C401C120411436422514300919B
:103DA000C0B22A5C401C6946C4B20A723A4803A9F0
:103DB000007C00F063FE01460022072042E0285DFF
:103DC000641C0007000FE4B2002800D101207D210F
:103DD000C90048432F497D222039D20088608018CD
:103DE0000022C860114608202CE030E031E0FFE7F7
:103DF000285D00216A46641C11705170E4B281068E
:103E000001D501211170C10601D5012151700007B2
:103E1000000F907020481146007C00F074FE401C9A
:103E200012D06846017808980022017168464178EE
:103E300008984171684680781849095C0898817132
:103E400011460920FCF752FEB44200D2D8E60DB06C
:103E5000F0BD285D69460870641CE0B2295C401C16
:103E6000C0B201912A5C401C12021143C0B2019100
:103E70002A5C401C12041143C4B208466421484322
:103E8000019005486946007C00F084F90146002253
:103E90000A20D7E7480B0020F4000020DC9300083C
:103EA0000449C968F0221140034A0909515CC8401D
:103EB0007047000000100240688F00080349C9687D
:103EC000034A4905490F515CC84070470010024041
:103ED000818F000810B50C49CA680C2002400B48BD
:103EE00005D0042A09D0082A09D00C2A09D049682B
:103EF0000904490F491C884010BD054810BD0548FC
:103F000010BD00F009F810BD001002400080000054
:103F10000024F40000127A0010B50B48C168012398
:103F20001B040A4A194002D0994200D15210C168BC
:103F3000C0680902890F8002054B000F185C491CFC
:103F40005043FCF7D5F810BD001002400024F400E7
:103F5000788F000810B504F0C3FD10BD10B5FDF753
:103F600017FD10BD70B51C46049B15460E4605286E
:103F700001D0002070BD22462946304600F014F9D9
:103F800070BD10B5052801D0002010BD084600F016
:103F900039F910BD10B5052802D1084600F052F9D4
:103FA00010BD10B5052802D1084600F07DF910BDFE
:103FB00010B5052801D0002010BD084600F0A2F978
:103FC00010BD10B50B0914099C4201D3914201D3D5
:103FD000002010BD5A000C07835A240F0121A14074
:103FE0008B438352012010BD30B500280AD0002930
:103FF00008D0002304E05C000D5B5B1C0553DBB2C2
:104000009342F8D330BDFFB50E461946099A02987F
:1040100000F0B8F8002824D0002425461DE0002335
:104020006F00F15B0120984001420ED0E0180C2196
:1040300048430A9941180820085602110007011741
:10404000029800F09FF801280BD05B1CDBB2102B0C
:10405000E7D310346D1CE4B2EDB200988442DED395
:10406000002004B0F0BDF0B58446964600206246BC
:10407000002A01D0012215E00020F0BD4C0063466B
:104080001F5B10260024234615469D40BD4301D1E9
:10409000641CE4B25B1CDBB2B342F5D32018491CAC
:1040A000C0B2C9B27145E9D3F0BD000006498842EB
:1040B00001D2642070470549884202D27D20C000A9
:1040C000704703487047000080EE3600803F5C0276
:1040D0001027000003780022032B14D14278130725
:1040E0001B0F12068B70120F4A7082788A80C37879
:1040F0001B021A438A8000794206520F0007CA70D9
:10410000000F087005221046704741607047F7B5F0
:104110000025ED43002482B01646274627E002988A
:10412000002829D00C20039960434018009001908A
:10413000406802F0C5FC014601988068814202D3C4
:104140000098876011E000280FD00098406802F0C6
:10415000B7FC00998968081AA84206D200984068FE
:1041600002F0AEFC009989680D1A641CE4B2B442F6
:10417000D5D3284605B0F0BD0C2003990025604337
:104180004018DEE7884203DB904201DC01207047E3
:104190000020704710B5052801D0002010BD08464A
:1041A00000F04CF910BD0000F0B5082409260457B2
:1041B000865747681F6047780025012F1BD1002CC8
:1041C00008D04368402B00D30125602B13D3DB06B6
:1041D00003D010E0002018600DE0002C0BDD641E01
:1041E00064B2002C07D10078012804D104480727C5
:1041F00003883B4303800C7016702846F0BD000016
:104200007C01002070B50588002430212846FBF78A
:104210006FFF00290CD0E8060CD018212846FBF7C8
:1042200067FF002908D0280708D0680708D00524B0
:10423000204670BD0124FBE70224F9E70324F7E7D9
:104240000424F5E7F0B587B00646502069460872A9
:104250003079102826D1002403250F463068611CD0
:10426000005D00903268515C09020843009032689A
:10427000A11C515C0904084364214843009006D006
:1042800068460397057403A800F052F804E06846F6
:10429000057505A800F0BAF8E41C6D1CE4B2EDB297
:1042A0000F2CDBD307B0F0BDF8B5054680780C21A4
:1042B00048431249124E4718787A0C214843345A21
:1042C0000021821991602878002808D06878012898
:1042D00004D1A86801466143081A9060F8BD686877
:1042E000FFF7E4FE844200D92046A9680C22484327
:1042F000411A787A504380198160F8BD5C0E002025
:104300008001002010B50179002903D0012905D0D2
:10431000002010BD01680122044803E00168034841
:104320000122801CFFF760FE012010BD7C010020EF
:10433000F8B505460020694608702E790446074600
:10434000102E01D30320F8BD28680722007A00212F
:1043500000070017FFF716FF002800D10124286886
:1043600008214156072208110021FFF70BFF002802
:1043700000D10124296808200856010709170211F5
:10438000914200DD0124032E12D2002900DD012418
:10439000001107220521FFF7F5FE002800D10124B6
:1043A0002868184902680C207043085882420AD1D4
:1043B00028686946006802F091FC002803D03C425E
:1043C00003D00620F8BD0127F9E7002C01D0052015
:1043D000F8BD002F01D00420F8BD0C203146414328
:1043E00008482B6808180ECB0EC0694609780C38AF
:1043F0004172054801220188B2401143018000202A
:10440000F8BD00005C0E00207C01002010B5017892
:10441000032901D2002010BD0C22064B4A43002084
:10442000D21810605060906010220348FFF7C9FD59
:1044300010BD00005C0E00207C01002038B5054650
:104440000020694608700324686802F047FC0028D1
:1044500000D1022429780C20414306484258002A02
:1044600001D1FD221440032C02D108186A68426071
:10447000204638BD5C0E002070B506787D210446CC
:10448000C900002001224D00330002F0A2FC1C37BD
:104490001A1A371A190F13191B1D1F212325283724
:1044A0002D372F31343637373739391A0120205616
:1044B000144903E00120134920560831085C1DE02F
:1044C000626070BD104819E0616070BD656070BDCC
:1044D0000E4813E00E4811E0012080030EE00D4865
:1044E00004F022F8401909E00B4807E00B4805E00A
:1044F0000A48801C02E0102000E00948606070BD9E
:104500003020FBE7FA930008B80B00008813000086
:104510007017000018FCFFFF08E6D3337C01002071
:104520005C0E002070B5104A002807D0012804D185
:10453000901E018812881143018070BD0B480C4900
:104540000346203338CB38C103462C3338CB38C12F
:10455000383019C819C10720108003490122881E6C
:10456000FFF742FD70BD00007E010020EC930008C3
:104570005C0E0020FFB5072489B00646002568467A
:104580002F4605813AE0306803A94019FFF7A2FDE4
:10459000002836D02818C5B26946088A0881C97B28
:1045A0000724084304D0481E042801D9072901D351
:1045B000062423E0002006290CD06B4601221B892B
:1045C00082401A4216D00C222E4B42439A58002A9F
:1045D0000ED00FE00C222B4B42439A58002A09D0F0
:1045E0006B4601221B8982401A436B461A8101E007
:1045F00064086400401CC0B21028DCD33079A842A3
:10460000C1D8204907200191009068460D228256AA
:10461000002302A91020FFF7F6FC002801D1FD209D
:10462000044069460E20085605220021FFF7AAFD26
:10463000002808D169460E200856002801DA8F7339
:1046400001E0FB200440072C0AD16846007B0028CB
:1046500002D10120694608730B4869460989018027
:104660006846417B0A9801706846817B0B9801700F
:104670006846017B0C9801701298057020460DB0B9
:10468000F0BD00005C0E00207C0100203EB50168FA
:1046900003240A68002A0DD0009100796946087148
:1046A0006846FFF745FE002812D004280BD00528E5
:1046B0000DD10AE000796946087202A8FFF7A6FE4C
:1046C000002804D004E0022402E0012400E00024D9
:1046D00020463EBDF7B588B0044600256846057300
:1046E0001646049505950695012229462448079506
:1046F000FFF7B9FC002804D12148072201881143A3
:104700000180606802F0DCF9216888421ED31C49F0
:10471000A07A0522091DFFF7FAFC0746184803AAEC
:1047200004A9001D6B4607C3217A607A154B144A11
:10473000FCF75CFA002812D0411E002003F0F4FEC2
:1047400004A9095C0998017035600DE06946087B91
:10475000401C0873606802F0B3F921680F1A6846BC
:10476000007B002803D0376001200BB0F0BD044867
:10477000072201881143018000203560F5E7000021
:104780007C0100205C0E0020F3B501243C4E054660
:1047900004574768F0688FB08047002802D0002097
:1047A00011B0F0BDE87A002810D1A878201A40B2E4
:1047B000002800DA002044B229780C204143314817
:1047C000475808184068002800D007460520032CE9
:1047D00006D0042C04D0052C04D0062C04D004E010
:1047E000082002E00A2000E00E2002902046FCF79C
:1047F000C0FA0C90244800570B90716938468847DE
:1048000000200121072C20D001220A92AA7A07ABAE
:10481000069007C308210590019103900490009031
:104820000123376A18460B9A0C99B847687A012811
:1048300022D015480830005D326E0D30C1B20A98A2
:104840009047109804700120AAE700220A92AA7AE1
:10485000099205910D4906900522009101927D2152
:104860000B9AC900079008904A4302900390049065
:1048700000230749376AD8E703481030DBE7000018
:10488000248E00085C0E0020F2930008854501008C
:1048900050C3000070B50F490546896A0724406877
:1048A0008847002800D1062400202856072200212E
:1048B000FFF768FC002801D1FD20044001202856A4
:1048C00005220021FFF75EFC002801D1FB200440F7
:1048D000204670BD248E000810B5416800780C2277
:1048E0005043054A8018407A0C225043034A8018EE
:1048F000FFF70BFC10BD00005C0E002080010020C3
:1049000030B402214156064A0C23515602785A43CC
:10491000044B9C5882880448436C204630BC18479E
:10492000EC9300085C0E0020248E0008F7B50446C6
:10493000012020562649264A0E5602216156921F12
:104940008CB051560A91FCF714FA099020780C218A
:1049500048432049204D08586969884761780020FC
:104960001E4B0122072921D0014605900690079091
:104970001046089308220490019000960292039139
:1049800001276E6A099B00220A99B0472A6E217995
:1049900038469047EA6A2179384690470E99086070
:1049A0000D98A178017001200FB0F0BD052107908E
:1049B00002917D21002708930492C900059006907A
:1049C0004E430190039000966E6A054A099BDBE70F
:1049D000F29300085C0E0020248E0008B80B000043
:1049E000A86100000020C043704710B5052910D011
:1049F00006DC022909D003290BD0042917D108E0CD
:104A000008290FD01A2912D10EE00023C35607221D
:104A100002E00023C356052200211846FFF7B2FB2F
:104A2000002800D0012010BD00783028FAD20020E4
:104A300010BD10B5052802D10846FFF71DFD10BDB9
:104A400010B5052802D10846FFF76CFD10BD0528FA
:104A500001D00020704701207047F8B51C460E4673
:104A6000069B07991546052801D00020F8BD009146
:104A7000224629463046FFF77DFDF8BD10B50528D2
:104A800001D0002010BD0846FFF700FE10BD70B534
:104A900014460D46052801D0002070BD1A46214657
:104AA0002846FFF717FE70BD10B50B46052801D04C
:104AB000002010BD11461846FFF766FE10BD10B568
:104AC000052801D0002010BD0846FFF7E3FE10BD09
:104AD00010B5052802D10846FFF7FEFE10BD10B53F
:104AE000052802D10846FFF70BFF10BD70B514462C
:104AF0000D46052801D0002070BD1A4621462846E3
:104B0000FFF714FF70BD10B5052801D0002010BDBF
:104B10000846FFF767FF10BD10B50B46052801D00A
:104B2000002010BD11461846FFF75FFF10BD0000C2
:104B300010B520480021C170012281624262C16229
:104B40008172027342738173C172828301724172F6
:104B50008270194A13461478283B1C7054785C7094
:104B600054685C6094689C60D468DC6014691C6163
:104B700054695C61547E5C76127E1A761A463C3A21
:104B80001446803418CCD4659365134684331C795D
:104B90005C3214715C7954719B79937141718171AC
:104BA000C171026A01E05162926A002AFBD141752B
:104BB00010BD0000F4000020500B002070B509204B
:104BC00000F0B5FC0546062000F0B1FC0404072007
:104BD00000F0ADFC00020443082000F0A8FC0443F0
:104BE000200A0102184A611A514380315043090AD0
:104BF00046180021092001F029FB3B2000F097FC1A
:104C00004024204301463B2001F020FB3B2000F0E4
:104C10008EFC8006FAD40D4800F016FE3B2000F012
:104C200086FC204301463B2001F010FB3B2000F0B6
:104C30007EFC8006FAD42946092001F007FB3046A5
:104C400000F002FE70BD0000093D000000A1BC3371
:104C50000200044802D0C16B00200847C26B08461E
:104C600010470000248E0008012070470148007999
:104C700070470000DC020020F3B5034600206D4AB7
:104C800087B00146002B02D0012B48D14FE0694884
:104C9000C069FBF7C5FC009001910898FBF7C0FCC8
:104CA00006460F46302000F042FC4007800F02D03D
:104CB0000024614D01E000242546272000F037FC48
:104CC0005C494007400F098C401C4018FBF7A8FCCA
:104CD000584A203202929278012A21D00022564B63
:104CE000FBF7E2FA22462B46FBF7DEFA32463B465A
:104CF000FBF7DAFA029A1279012A14D0002213463D
:104D0000FBF7D2FA0322FBF761FC019B009AFBF749
:104D1000E5FB0022494BFBF779FB03F011FC85E032
:104D200000221346DCE7002201239B07E8E700246A
:104D3000106C2546072804D0082805D0092808D17A
:104D400005E000243E4D04E000243E4D01E03E4DD0
:104D50000024576C0120B840FBF74EFC02460B467E
:104D600020462946FBF7BAFB02460B460020324993
:104D7000FBF7B4FB2F4E044640360D467089FBF717
:104D80004FFC0022314BFBF78FFA22462B46FBF7F4
:104D90003DFB05910490707A001DFBF741FC0391E7
:104DA0000290307A002800D00220381A8000FBF7E9
:104DB00037FC009008980191C000B900401AB17BFF
:104DC00009014018317B002900D01421401A1C3001
:104DD000FBF726FC019B009AFBF780FB02F0E0FC4E
:104DE000039B029AFBF712FB002207460E4613466E
:104DF000FBF742FC02D23846314601E00020014672
:104E00000022134BFBF750FA22462B46FBF7FEFA23
:104E1000059B049AFBF748FA0022084BFBF7F6FAC9
:104E20000C4A0D4BFBF740FA02F010FEFBF706FCB4
:104E300009B0F0BDDC0200200000F03F00408F40D0
:104E40008084FE4080840E4180841E410000114019
:104E5000000020402B8716D9CEF7EF3F70B51D49D3
:104E600008601D491D4801F037FE1C481A491430DE
:104E700001F032FE19481849283001F02DFE0122B8
:104E8000052011030007FCF7F3FA00F0A3FBFFF77E
:104E900095FE002000F048FD0E48001D00F07CF853
:104EA0000F4D002460002618A85D00F00DFD70195C
:104EB0008178407801F0CAF9641CE4B2102CF1D377
:104EC000002000F001FD054900206039087105202F
:104ED00070BD0000040000206D5400083C03002059
:104EE000888E000810B586B014216846FBF7B0F92B
:104EF0000D48019002200D4C02906A461021204678
:104F0000FCF7A0F96A4602212046FCF79BF96A46A5
:104F100001212046FCF796F901216A46490304481D
:104F2000FCF790F906B010BD00001110000400500D
:104F30000008005030B585B014216846FBF788F9A9
:104F4000124801900320124D0124039002946A46F6
:104F500010212846FCF776F96A4602212846FCF71C
:104F600071F96A4601212846FCF76CF96A4661032B
:104F70000848FCF767F90020029005206A462103E3
:104F800001940007FCF75EF905B030BD0000111078
:104F9000000400500008005070B50E4D0446036830
:104FA000002210212846FCF711FA0022022128468F
:104FB0006368FCF70BFA002201212846A368FCF77E
:104FC00005FA0121002249030348E368FCF7FEF9D2
:104FD00070BD0000000400500008005070B5144679
:104FE0000E46054600F070FC304600F02DFC052012
:104FF00000F09AFC0120FBF779FE284600F0C8FA81
:10500000054600F047FFA54201DD002070BD0120EC
:1050100070BD0000F8B50025684605708A4C2079FF
:10502000012809D0022857D12046603001F006FE41
:10503000607901287ED1F6E06079002818D0012837
:105040004AD14021122001F001F9122000F06FFA3C
:105050006946087008787C4E8006403600286ADA77
:105060002021122001F0F2F8B07C002876D083E0F5
:10507000754E20363079012835D13F2000F057FA9F
:1050800069460870087880072DD40B213E2001F076
:10509000DDF810213F2001F0D9F83046543001F0FE
:1050A000CDFDB079002818D00D2000F040FA402145
:1050B00001430D2001F0CAF83046683001F086FD4A
:1050C00062480068002803D00069002800D08047AB
:1050D000357375732587E586F8BD5B48883001F028
:1050E000ADFD2571ECE7E18E594F00290AD1208FE3
:1050F000002807D1B078002831D0322000F017FA0C
:10510000E086E18E208F091AC9B2C01900F038FA82
:10511000E08E20874C48743001F090FDB079002873
:1051200023D00D2000F003FA402101430D2001F0AF
:105130008DF801E07BE02CE04348883001F046FD2B
:10514000424800680028C3D08768002FC0D00E22D4
:10515000B256E18E00233E48B847B9E70BE03A4823
:105160000121363000F00CFACBE737482571883042
:1051700001F064FDE4E725713348743001F05EFD11
:10518000324800680028A7D000690028A4D08047D2
:10519000F8BD192000F0CBF940B23076010605D5F4
:1051A000C043401C0006800E474201E00006870E07
:1051B0001A2000F0BCF92749A268002F09DA8A42B8
:1051C00003D901110818C01907E001110818C01906
:1051D00007E08A4203D9011108189D3802E0011145
:1051E0000818A4387083132000F0A1F93077014625
:1051F000174800F0C5F9B07C002800D1257112488D
:10520000743001F01BFD114800680028C0D084688C
:10521000002CBDD018231A22F356B25E317F0C4801
:10522000A0470DA00DE00821122001F00FF807485B
:10523000257100680028ABD000680028A8D08047FE
:1052400008A003F061FDF8BDDC020020040000208E
:10525000DC01002040DD4A1F7278446F6E650A0D44
:10526000000000007478446F6E650A0D00000000B5
:1052700070B5304C25462379E61F6A79E98E288F70
:10528000F93E2035012B11D0022B28D1002A26D13E
:105290000A1A23461B8FE97E304618188A4243DDDE
:1052A00000F0FBFF208FE97E40183BE0002A17D07A
:1052B000012A14D11F48743001F0C0FC8021122053
:1052C00000F0C4FF002020711B480068002806D0B1
:1052D000C068002803D0804718A003F015FD70BDFA
:1052E000002908D1002806D1A87800280FD0322044
:1052F00000F01DF9E086E18E208F0A1AA97E8A420D
:105300000BDD801900F03CF9208FA97ECCE709481D
:105310000121363000F034F9EDE7D1B2801900F008
:105320002FF904E0208770BDD1B200F0B6FFE08E07
:10533000F8E70000DC0200200400002072785469C5
:105340006D654F75740A0D0070B5294D294C2946BD
:1053500008462A7940304979C07B012A04D0022AC4
:1053600001D1002902D170BD002916D00129FAD13E
:105370000128F8D10221122000F068FF20680028DF
:10538000F1D040690028EED01C2000F0D0F8216850
:1053900080064969800E884770BD154C012620346F
:1053A0002673607B0028F7D12046683001F046FC68
:1053B0006673112000F0BBF840084042A0731B2028
:1053C00000F0B5F806021C2000F0B1F80643300AE0
:1053D0000102094A711A514380315043090A4018A9
:1053E00028630C2000F0A3F84009207570BD000070
:1053F000DC02002004000020093D000010B5124826
:10540000407900281FD001281DD1122000F08FF80C
:105410000E4CC0070BD00521122000F017FF2068AA
:10542000002810D0816900290DD001200AE0042154
:10543000122000F00BFF2068002804D081690029A9
:1054400001D00020884710BDDC02002004000020AD
:1054500005484079002806D103482030017B002907
:1054600001D1012101737047DC020020F8B51E4C08
:10547000002520791D4F01280AD0022807D1257167
:105480003868002803D04068002800D08047F8BD65
:105490006079002815D1144E0B21203635737573B1
:1054A0002587E5863E2000F0D1FE10213F2000F048
:1054B000CDFEB079012809D030462571683001F061
:1054C000BDFB38680028E2D0C068DDE70D2000F0A1
:1054D0002EF8402101430D2000F0B8FE024888302C
:1054E00001F074FBEDE70000DC0200200400002066
:1054F00070B50025012000F0E7F9FF21112000F030
:10550000A5FE052000F010FA00240120FBF7EEFBB9
:105510002C2000F00CF8C007C00FA040641C05430D
:10552000E4B2202CF1D300F0B5FC284670BD08B5DC
:105530000122694600F003F86846007808BDF8B516
:105540000446012715460E46FF0305200022394672
:105550000007FBF78DFF6006400EFCF715FC0024EA
:1055600005E00020FCF710FC3055641CE4B2AC42AE
:10557000F7D30520012239460007FBF779FFF8BD74
:105580000A4610B501460020FFF7D9FF10BD000004
:1055900010B5002804D0012808D00020C04310BD59
:1055A0001120FFF7C4FF4008404210BD07480849DA
:1055B0008068884204D91B20FFF7B9FF9D3810BDD1
:1055C0001B20FFF7B4FFA43810BD0000DC02002050
:1055D00040DD4A1F30B585B014216846FAF738FE21
:1055E0000120019003200E4D0024039002946A468E
:1055F00001212846FBF726FE002201212846FBF761
:1056000037FF0120FBF772FB6A460121284601940F
:10561000FBF718FE0620FBF769FB05B030BD000064
:1056200000080050F3B5384C06466179002081B07F
:10563000002902D0012964D128E000202087684693
:10564000314D017AE1862035A878002809D0322032
:1056500000F0FCFD6846027A501E3F2806D8EA7624
:105660000AE0012102A800F018FEF3E731462748BE
:1056700002F042FD2020E876E97E304600F00DFE83
:10568000208FE97E40182087A06A3AE01E4DBE2791
:105690004035687C01281FD03320FFF748FF384091
:1056A000411C332000F0D2FD1D213B2000F0CEFD37
:1056B0006846017A2977222000F0C8FD00210E20DB
:1056C00000F0C4FD00210D2000F0C0FD0120FFF717
:1056D0002EFF40070AD00EE03320FFF728FF3840A6
:1056E0000146332000F0B2FD1921DEE700F0E4FBB3
:1056F0000120FBF7FBFA6846017A304600F0CDFD49
:10570000606D00F0F5FBFEBDDC020020DC01002036
:1057100070B504460920FFF70AFF0C4D032C08D092
:10572000002028700520012202210007FBF79AFEC5
:1057300070BDC109064802D00122022101E0012208
:105740000421FBF78FFE0120287070BDDC020020D1
:1057500000080050F0B5384985B00A78824237D049
:10576000052500272D070324344E0870002831D06A
:1057700014216846FAF76CFD01946A460221284616
:1057800002970394FBF75EFD002202212846FBF7F7
:1057900069FE6A4602213046FBF754FD00220221D1
:1057A0003046FBF75FFE6A4604213046FBF74AFDB0
:1057B000002204213046FBF755FE2149214801F023
:1057C0008BF902211F4801F0EFF91E4801F0FEF9A4
:1057D00005B0F0BD1B4801F031FA01221103284643
:1057E000FBF740FE0320FBF781FA14216846FAF725
:1057F0002FFD012001906A4602210297039428465A
:10580000FBF720FD002202212846FBF72BFE6A460B
:1058100002213046FBF716FD002202213046FBF73D
:1058200021FE6A4604213046FBF70CFD00220421CC
:105830003046FBF717FECBE70000002000080050C1
:105840009D370008C801002070B505461048114E6C
:10585000856031462846FAF74BFC044630466043E3
:10586000281A0002711040183146FAF741FC210253
:1058700044182002010E062000F0E8FC2004010E6E
:10588000072000F0E3FCE1B2082000F0DFFC70BD6F
:10589000DC020020093D000070B50D46044600F012
:1058A00013F8002C04D0012C0AD12946232005E04E
:1058B00004488078002803D12946322000F0C6FC35
:1058C00070BD0000FC02002010B516494A798242E2
:1058D00026D04871012810D0002000F025F80120C2
:1058E000FFF725FE4106490E012000F0AFFC002124
:1058F000402000F0ABFC30210FE0002000F014F855
:105900000120FFF714FE80210143012000F09EFCDE
:105910000021402000F09AFC0021412000F096FC7C
:1059200010BD0000DC02002010B504000FD00020E4
:10593000FFF710FF2046FFF7EBFE0120FFF7F7FD12
:10594000C108C9002143012000F080FC10BD0120E6
:10595000FFF700FFF1E770B504460920FFF7E7FD08
:1059600006464D20FFF7E3FD05467006400E702108
:105970000843C1092AD0112C02DD07210D4302E0A2
:10598000ED08ED002D1DE943490703D0022C0CDA88
:1059900002240DE0052C01DA052402E0142C00DDC0
:1059A000142401090901641F05E0112C00DD1124F4
:1059B00001090901A41E2007000F0143092000F07E
:1059C00045FC29464D2000F041FC70BD0021C94333
:1059D0008C4201DA0C4602E00E2C00DD0E24010997
:1059E0000901641CE7E70000F8B58D4C06466079B4
:1059F0000027002802D0012825D125E0884D40202D
:105A00002035AF79FFF793FD8107890F40200C31D6
:105A100000F01CFC4120FFF78AFD3E2108400146B2
:105A2000C131412000F012FC3520FFF780FD8006D7
:105A3000800EA8761E210D2000F008FC002028739F
:105A400068732087E0867DE0754D4035687C0128CD
:105A500025D03320FFF76BFDBE210840411C3320C9
:105A600000F0F4FB1D213B2000F0F0FB206C092826
:105A70007ED23120FFF75BFD4106490E312000F058
:105A8000E5FB0021302000F0E1FB206C030001F079
:105A9000A0F90910171E252C333D3D3D4100332050
:105AA000FFF745FD41210143332000F0CFFB1921D1
:105AB000D9E748212F2000F0C9FB5A49A06821E00E
:105AC00044212F2000F0C2FB5749A0681AE044216E
:105AD0002F2000F0BBFB5549A06813E044212F2084
:105AE00000F0B4FB5249A0680CE044212F2000F0E4
:105AF000ADFB5049A06805E044212F2000F0A6FB33
:105B00004D49A0684018FFF79FFE03E040212F2079
:105B100000F09CFBE87BAF7C012835D01F211120D1
:105B200000F094FB4020FFF702FD8106890E402023
:105B300000F08CFB00210F2000F088FB00210D20DD
:105B400000F084FBFF2101313C48FAF781FB012082
:105B50002071002E08D032483146743001F024F80C
:105B60002F48743001F032F86079002816D000E038
:105B700003E0002F4FD005204EE03120FFF7D7FC87
:105B8000802101433120C3E71D21112000F05EFB7D
:105B90004020FFF7CCFC33210140C8E70520FFF788
:105BA000C3FE002F36D11E48C069FAF739FD0646FC
:105BB0000F462720FFF7BBFC4007400FFAF730FDE8
:105BC00000221F4BFAF770FB044615480D46008C67
:105BD000FAF726FD22462B46FAF766FB0022194B00
:105BE000FAF762FB0322FAF7F1FC32463B46FAF77A
:105BF00075FC0022144BFAF709FC01F0D1FDFAF70D
:105C00001DFD011D0648883000F0CEFF0448883095
:105C100000F0DCFFF8BD0620FFF786FEF8BD0000AF
:105C2000DC020020821E0000B4280000043D0000B9
:105C30005E510000127A0000C6A20000DC010020C4
:105C40000000F03F0000244000408F40FFB581B0CD
:105C500015460E4604460D9FFFF736FE0B998A48FF
:105C6000090A0091002C04D0012C79D1022E5CD9B4
:105C7000FEE74661C5610A998161834920318F70D1
:105C80000E9ACA700F9A0A71129A4A71139A8A71FF
:105C90000B9901842846FAF7C3FC02460B46002004
:105CA0007A49FAF71BFCFAF7C9FC84B2210A0220F0
:105CB00000F0CCFAE1B2032000F0C8FA3046FBF75E
:105CC0005FF80146122000F0C1FA0A98FBF758F875
:105CD0000146132000F0BAFA2520009900F0B6FA28
:105CE0000B98C1B2262000F0B1FA002F01D00E9916
:105CF00000E0FF21322000F0A9FA3020FFF717FC66
:105D00006F210840002F01D0002100E080210843CE
:105D10000F9909010143302000F098FA3120FFF774
:105D200006FC4021014331209EE05748F61D564CA9
:105D3000066445644034049860720B986081277350
:105D40000E9860730F98A0731098E07311982074E8
:105D5000129860741398A0740C2D02D90C2503E0DE
:105D600084E0062D00D20625072E02D0082E02D090
:105D700003E00B2D45D00C2D43D0002020721D20B8
:105D8000FFF7D5FB04993001490008433843C1B2FD
:105D90001D2000F05BFA1E20FFF7C9FB0821084018
:105DA000290108430F99890008430C998905890F37
:105DB0000843C1B21E2000F049FA2620FFF7B7FBC6
:105DC000F7210840217AC9000843C1B2262000F01B
:105DD0003DFA0C98C1B21F2000F038FA202000993B
:105DE00000F034FA0B98C1B2212000F02FFA002FF6
:105DF00003D022200E9900F029FAE07B012802D07E
:105E00000DE00120BAE74420FFF791FB8021014318
:105E1000442000F01BFA217C242000F017FA092E00
:105E200002D00321362010E01748194980688842C3
:105E300005D90221362000F009FA642104E002218C
:105E4000362000F003FA7F213A2000F0FFF9062DFA
:105E50000ED03120FFF76BFBC108C9003120C91CEF
:105E600000F0F4F90A21372000F0F0F905B0F0BD98
:105E70003120FFF75CFBC108C9003120491D00F04B
:105E8000E5F90C21EFE70000DC02002080847E4170
:105E900040DD4A1F10B5074800F0D0FE0548143811
:105EA00000F0CCFE0020FFF73FFD024900207439CE
:105EB000087110BD5003002010B5074800F0BEFE69
:105EC0000548143800F0BAFE0120FFF72DFD024905
:105ED00000207439087110BD5003002010B504462D
:105EE0000120FFF7F1FC2146392000F0AFF910BD89
:105EF00010B50146264800F057FE254C603C6079FD
:105F0000002802D001282CD119E04020FFF70FFB18
:105F10008107890F4020103100F098F94120FFF7E8
:105F200006FB3E210140412000F090F93520FFF7AB
:105F3000FEFA81061648890E4038817611E0144831
:105F40002038C07B012815D0F721112000F07EF900
:105F50004020FFF7ECFA8106890E4020403100F026
:105F600075F9022020710A4800F030FE0320FFF787
:105F7000DBFC10BDF521112000F068F94020FFF78F
:105F8000D6FA33210840014640314020E7E70000BF
:105F90003C030020FFB581B01E4604460C9F0A9DBD
:105FA000FFF792FC0298FFF7D6FC7348390A00917C
:105FB00001462031002C06D0012C72D1029A0A77BA
:105FC000022E56D9FEE7029A0273039A4661C56112
:105FD000026107840D9A8A700E9A0A71119A4A71A9
:105FE000129981620398FAF71BFB0022634BFAF7C0
:105FF00075FAFAF723FB84B2210A042000F026F98F
:10600000E1B2052000F022F92846FAF709FB024622
:106010000B4600205A49FAF761FAFAF70FFB84B2EF
:10602000210A022000F012F9E1B2032000F00EF97B
:106030002520009900F00AF9F9B2262000F006F9AF
:106040003020FFF774FA6F2108400D99002901D024
:10605000002100E0802108430E990901014330200E
:1060600000F0F4F83120FFF762FA402101433120BB
:1060700073E0F61D404C0664456440340B99617230
:1060800067810D9921730F99E173109A22740E9A0A
:10609000A273119A6274129A42650C2D02D90C25D2
:1060A00003E05CE0062D00D20625072E02D0082E64
:1060B00002D003E00B2D06D00C2D04D0002020725E
:1060C000012902D00DE00120F9E74420FFF72FFA63
:1060D00080210143442000F0B9F8217C242000F005
:1060E000B5F81D20FFF723FA0B993001490008434A
:1060F0000D990843C1B21D2000F0A8F81E20FFF73B
:1061000016FA0B210840290108430E99890008431B
:10611000C1B21E2000F09AF82620FFF708FAF721F6
:106120000840217AC9000843C1B2262000F08EF849
:106130002020009900F08AF8F9B2212000F086F8BA
:10614000062D0ED03120FFF7F2F9C108C900312029
:10615000C91C00F07BF80A21372000F077F805B061
:10616000F0BD3120FFF7E3F9C108C9003120491D16
:1061700000F06CF80C21EFE7DC02002080844E4038
:1061800080847E4170B506468AB00D461046FAF707
:1061900047FA00221D4BFAF739F9FAF74FFA04468D
:1061A0003046FFF751FB00200790069003900590C2
:1061B000019004904B200521800100230291009062
:1061C00008941A4629461846FFF7E4FE3120FFF7E7
:1061D000AEF9BF210140312000F038F8F021402015
:1061E00000F034F8A021412000F030F821460848A2
:1061F00000F0DAFC0649022060390871044800F01A
:10620000E5FC0320FFF790FB0AB070BD00408F4013
:106210003C03002010B50C4C6079002812D00128F6
:1062200010D1FA21112000F011F84020FFF77FF97A
:1062300081088900402000F009F803202071072020
:10624000FFF772FB10BD0000DC02002013B5012235
:1062500001A900F001F81CBDF8B504460127154658
:106260000E46FF030520002239460007FBF700F920
:10627000204680210843FBF787FD002404E0305DC1
:10628000FBF782FD641CE4B2AC42F8D30520012286
:1062900039460007FBF7ECF8F8BD0A4610B5014691
:1062A0000020FFF7D9FF10BD7FB500201E4C0090E5
:1062B000E17AFF2903D0002904D0606D03E00A20B1
:1062C00004B070BD6065194D01906978684601732E
:1062D000217D8173E1784173206D2E46283602902E
:1062E00003E070786870694608730F4A6B46153290
:1062F00001A9207CFEF7CBFB0028F2D000990029F1
:106300000DD0206B1022104320630848803000F02D
:106310004BFC0648803000F059FC0020D0E7607D3F
:1063200000F05CF8CCE70000F4000020280B00200F
:10633000FEB5002426468F252E400B4D2F79FF01F8
:106340003E436F463E71009313460A4601A9FDF78E
:106350009FFA002806D1054844710471696AC1603A
:10636000FFF7A2FFFEBD0000F4000020100C00208B
:1063700010B5194C86B0207904A9FCF795FB21468D
:1063800000221439002803D068460270029221E0EE
:106390008878002816D0012268460270627902715E
:1063A000206802902279684682810822C273886838
:1063B000817A68468173FCF7D5F8002800D0012067
:1063C00006B010BD684602706279027120680290C2
:1063D000227968468281EAE748000020FEB5002263
:1063E00069460A701D4E087170784871307888715E
:1063F00030461B4C20308079C871208B08812346A1
:1064000034336A4601A9207CFEF770FB3246FC3229
:1064100001251046557014384570717881706946B1
:106420000978C170616B816051607D21C900983825
:1064300000F0BAFB3046503000F0C8FBE07800288E
:1064400002D1A07D401CA0750648217E026B064843
:106450009047206B284320630020FEBD280B0020BE
:10646000F4000020248E00080C08002070B5074DB1
:10647000074CA874216901208847A87CE16D002899
:1064800001D0342000E01220884770BDF4000020C5
:10649000248E00081CB5114C6A46617D11701049AC
:1064A0004B785370097891700D4920318979D170FA
:1064B00090806946207CFEF712FB09487D21C900C7
:1064C000503000F071FB0648503000F07FFB206B2D
:1064D00001210843206300201CBD0000F4000020BF
:1064E000280B002008B5FBF74FF90C480121826BFF
:1064F00009070A438263806B0840009008484A14E9
:1065000001680323DB029943114301604168C90616
:10651000C90FFBD1FBF7BCF808BD0000001002401A
:106520000070004010480168821511430160C16885
:106530000E4A1140C16001680D4A11400160816836
:106540004908490081600168012292049143016079
:10655000C168FD2212049143C16000210161054917
:10656000C003886070470000001002400C40FF88A4
:10657000F6FFF6FE00ED00E070B51F498AB008781E
:10658000020736D4082630431C4C087021690120CC
:106590008847194D61692D1D286888470020012111
:1065A00006900790052208900991059103900490A8
:1065B000009001960292EA68266AD3B2A968012087
:1065C000B047686900280CD00DA002F09DFB232184
:1065D000E26C0C209047E16B0020884700200AB055
:1065E00070BD2021E26C0C20904709A002F08CFBCA
:1065F000F1E70320F3E70000D4000020248E000818
:106600003E3E3E204C4E41206973204F4E0A0D0005
:106610003E3E3E204C4E41206973204F46460A0DB7
:106620000000000070B527490878820747D402228D
:106630001043087024A002F067FB0020FFF744F924
:10664000204D24492D1D2868234C48436169884703
:106650001A21E26C022090470B21E26C0320904744
:106660000021E26C042090475221E26C0520904703
:10667000686900281BD019A002F046FB2321E26CB8
:106680000C209047216D31208847BF210140E26CEA
:10669000312090470721E26C0E2090470520FFF73C
:1066A00043F94021E26C0D209047002070BD20216D
:1066B000E26C0C2090470DA002F026FBE2E70320DD
:1066C00070BD0000D4000020527820546573740A15
:1066D0000D00000040420F00248E00083E3E3E2088
:1066E0004C4E41206973204F4E0A0D003E3E3E2025
:1066F0004C4E41206973204F46460A0D00000000B1
:1067000010B598B004461822294912A8F9F787FD58
:10671000274B18330FCB11930EAB07C30CA8059072
:106720000BA904910AAA0DAB09A808A90293039228
:106730000091019007AB06AA1EA1204601F0DEFFE2
:10674000082833D1214C069820600798606008988B
:106750007D2814D0FA2814D00146FF39F53925D107
:106760000220A060182212A9099801F0D3F900288C
:106770001CD00998E0600D98042817D103E0002090
:10678000EFE70120EDE710220EA90A9801F0C2F907
:1067900000280BD00A98001F2061069820600B98F3
:1067A00060610C98A061002018B010BD0220FBE7CA
:1067B000A893000825643A25643A25643A25643A8A
:1067C00025642F25643A25643A256400D80000200A
:1067D00070B51BA30FCB8EB009AC0FC41C48017859
:1067E0004A072AD4042211431A4C0170216901205E
:1067F0008847174D18492D1D286848436169884707
:10680000002016490590069008910790E968012339
:10681000CAB2082601920296049300910390287947
:10682000AB6841B20022656A0120A847226B1021A3
:1068300009A8904700200EB070BD0320FBE70000C0
:1068400000112233445566778899AABBCCDDEEFF50
:10685000D4000020248E000840420F00B80B000036
:1068600070B53B4E301F0178357ECA0701D003203A
:1068700070BD01221143017036A002F045FA0020DC
:10688000FFF722F836493068364C4843616988473B
:106890000021E26C042090470021E26C0520904723
:1068A000216D31208847BF210140E26C31209047A3
:1068B00070680E2826D004DC072841D00A283AD177
:1068C00027E011280DD0142835D1FF21E26C0920D2
:1068D0009047216D4D208847072101434D20E26CF0
:1068E0000BE0FF21E26C09209047216D4D20884785
:1068F000C108C9004D20E26C091D90471AA002F0A2
:1069000003FA18E0E26C012D01D07F2105E0FB21A4
:1069100006E0E26C012D02D07A2109200AE0F7217D
:1069200009209047216D4D208847C108C9004D209E
:10693000E26C091D90470320FEF7F6FF002070BDB2
:10694000E26C012D01D07821E7E7F521E8E70000AE
:10695000D8000020547820546573740A0D0000009C
:1069600040420F00248E0008666F7263652050411C
:1069700020626F6F7374204F75747075740A0D0008
:106980003EB5134A6B4607CA07C3124C12A02168D2
:1069900002F0BAF914A0616802F0B6F9A06869467D
:1069A0008000095814A002F0AFF918A0E16802F0C5
:1069B000ABF9216918A0091D02F0A6F919A06169B7
:1069C00002F0A2F91CA0A16902F09EF900203EBDD0
:1069D000D0930008D8000020467265713D202564E0
:1069E000204D487A0D0A0000506F7765723D2025D2
:1069F000642064426D0D0A0042616E6477696474BC
:106A0000683D202564206B487A0D0A0053463D20DE
:106A10002564200D0A00000043523D20342F2564D8
:106A2000200D0A004C4E41205374617465203D25B1
:106A30006420200D0A000000504120426F6F7374E3
:106A4000205374617465203D256420200D0A0000E8
:106A500010B50E4C207880070DD50D48016D112022
:106A60008847C10701D0052200E0002240084142CA
:106A700008A002F049F9002020700BA002F044F9B0
:106A80000020FEF751FF002010BD0000D4000020C0
:106A9000248E0008525353493D25642C25642064FC
:106AA000426D0A0D00000000546573742053746F2A
:106AB000700A0D0010B5FAF753FFFBF703F910BD8C
:106AC00070B50546FAF74CFF04462846FBF702F975
:106AD000201AFBF7F7F870BD0022026042600272D4
:106AE0000261C1607047000010B5054A11680029B5
:106AF00001D000230B720161106000F03FF810BD5F
:106B0000C001002070B5FAF719FF0446FAF7EAFF52
:106B1000031B194C206800282DD00146002507E0F2
:106B200016689E4202D9F61A166000E015600969DF
:106B30000A69002AF4D100281DD001692160C068CB
:106B4000002800D1FEE780472068002813D0FAF71C
:106B5000FBFE014620680268914205D90169216067
:106B6000C0680028EFD1FEE7002804D0017A002990
:106B700001D100F003F870BDC001002070B50446DB
:106B8000FAF7DAFE054601202072FAF7DDFE2168E9
:106B90004019884201D8084603E0FAF7D5FE4019AB
:106BA0002060FAF70FFF70BD70B505460846FBF789
:106BB00091F80446284600F041F8FAF7BDFE8442F9
:106BC00000D204462C606C6070BD0000F8B5040073
:106BD000EFF3108572B62CD0174F3868014602E0EB
:106BE000A04226D000690028FAD100266068206003
:106BF000267200290CD0FAF7A7FE21680918216037
:106C000038680268914206D22046FFF76DFF10E017
:106C1000FAF768FFF8E70169002908D022680B68D5
:106C20009A4201D90846F6E70461216101E0046156
:106C3000266185F31088F8BDC001002070B5EFF320
:106C4000108572B6144C21680A1E21D000281FD06E
:106C500081421BD1087A00260128086903D0002848
:106C60000AD0206014E0002804D00E722060FFF7E4
:106C700085FF0DE0FBF718F8266009E0814203D19B
:106C800008691061002803E00A4609690029F5D166
:106C900085F3108870BD0000C00100207CB505465A
:106CA00068464170062101700B481446C17C0029DA
:106CB00002D007216A4611706946007CFDF7B9FED3
:106CC000019881B22819884203D8FF2801D80120F1
:106CD0007CBD00207CBD0000F400002070B505469E
:106CE00018480C46816A28468847002827D016484D
:106CF000164A2918022091421FD31549154A6918CE
:106D0000914201D8002018E01349144A69189142B1
:106D100001D8012011E01249124A691891420CD998
:106D2000114851102818884201D8032005E00F4867
:106D30000F492818884203D804202070012070BD14
:106D4000002070BD248E000840AA8FCC80841E00D5
:106D5000C02571CCC0C62D00FF5E43CCBF27090003
:106D6000A0B038CC20A1070040022ECC606E29CC08
:106D7000E09304002021020C01D010211046020AE9
:106D800001D010460839020901D01046091F8208B7
:106D900001D01046891E420801D0881E7047081A8B
:106DA0007047F8B5040C8BB2264682B25E430D0CD8
:106DB0001046370C58433604801900217941164695
:106DC0006E43370C36048019794126466E43891983
:106DD000F8BD30B47446641E2578641CAB4200D202
:106DE0001D46635D5B00E31830BC184702E008C82D
:106DF000121F08C1002AFAD170477047002001E035
:106E000001C1121F002AFBD17047F0B50E4617468C
:106E10000146E037387C85B0154600281DD02A464B
:106E2000684600F02DFD012408E001F087F92101FA
:106E30006846491901F0B4FF641CE4B2387CA042F2
:106E40006846F2D801F0E4FB200142196946304659
:106E500000F016FD002005B0F0BDFF20FBE70000AC
:106E6000F0B51346E03389B014460D46102908D01A
:106E7000182D06D0202D04D000201874FF2009B052
:106E8000F0BD224603E006781670401C521C0E46E8
:106E9000491EC9B2002EF6D1A8007030C0B20190D0
:106EA0000009401E187401202E4606904FE0A719D5
:106EB00038462038017F0491417F0591817F0391FD
:106EC000C07F029029463046F9F712F9002904D014
:106ED000182D27D9102918D024E01F48059A069BA1
:106EE000825C04995A400492039A825C0592029A49
:106EF000825C0392405C0290FF225800D9091C3248
:106F000051434840C0B206900CE013480499415CDC
:106F100004910599415C05910399415C03910299A3
:106F2000405C0290701BC0B2215C049A2018514052
:106F3000A1554178059A514079708178039A514062
:106F4000B970C07802994840361DF870F6B20198C1
:106F50008642ACD3002092E7309400080EB50220A0
:106F6000694608706846FBF773FB01F0A9FD00282D
:106F700004D16846007901F093FA00200EBD0EB5E9
:106F800002216A4611700078302805D0312801D0DE
:106F900002200EBD012000E0002010711046FBF71A
:106FA000C1FB01F08DFD0EBD10B500F099FE01F0A2
:106FB0004DFA002010BD000010B588B007A90331BC
:106FC0004A1E8B1E0591091F04924A1E039307ACAB
:106FD0008B1E00920191029406AA06A101F08EFB7D
:106FE000082802D0022008B010BD06A800F07CFEE0
:106FF0000020F8E7256868783A256868783A2568B7
:1070000068783A256868783A256868783A25686823
:10701000783A256868783A256868780010B500F0F5
:107020006DFE01F0EFF9002010BD1FB5694601F0BB
:1070300029FB102802D0022004B010BD684600F0E1
:1070400061FE0020F8E70EB5062069460870684624
:10705000FBF7FEFA01F034FD002803D1019801F09E
:10706000D1F900200EBD00B587B006216A46117423
:10707000694601F007FB102802D0022007B000BDCE
:107080006846059004A8FBF74DFB01F019FDF5E7F4
:1070900010B500F0E5FF002010BD0EB514206946C4
:1070A00008706846FBF7D4FA01F00AFD002805D104
:1070B00069460420085601F0F3F900200EBD0000D7
:1070C0000EB514216A46117006A101AA01F016FB43
:1070D000012801D002200EBD6846FBF723FB01F01A
:1070E000EFFC0EBD25686875000000000EB5042099
:1070F000694608706846FBF7ABFA01F0E1FC00282E
:1071000003D1019801F0E0F900200EBD0EB5042175
:107110006A46117001A901F0DBFA042801D00220AF
:107120000EBD6846FBF7FEFA01F0CAFC0EBD10B5B5
:1071300000F0F8FD01F08AF9002010BD0EB5002026
:10714000694608706846FBF783FA01F0B9FC00282D
:1071500006D16846017903A0413101F0D5FD002038
:107160000EBD000025630D0A000000000EB50021D1
:107170006A4611700078412805D0422803D0432880
:1071800001D002200EBD413810711046FBF7CAFA3B
:1071900001F096FC0EBD0EB51820694608706846D1
:1071A000FBF756FA01F08CFC002803D1019801F09E
:1071B00081F900200EBD00000EB518216A4611703D
:1071C00006A101AA01F09AFA012801D002200EBD01
:1071D0006846FBF7A7FA01F073FC0EBD256C75003D
:1071E00010B500F0A3FD012804D003A001F08CFD30
:1071F000002010BD01A0F9E7300D0A00310D0A0092
:1072000010B50078302803D0312803D0022010BDFB
:10721000002000E0012000F08FFD002010BD10B51F
:1072200000F07AFE01F04CFC10BD0EB5112069464D
:1072300008706846FBF70CFA01F042FC002803D105
:10724000019801F037F900200EBD00000EB51121A4
:107250006A46117006A101AA01F050FA012801D076
:1072600002200EBD6846FBF75DFA01F029FC0EBD59
:10727000256C75000EB51220694608706846FBF74C
:10728000E7F901F01DFC002803D1019801F012F983
:1072900000200EBD0EB512216A46117006A101AA8A
:1072A00001F02CFA012801D002200EBD6846FBF740
:1072B00039FA01F005FC0EBD256C75000EB50320F2
:1072C000694608706846FBF7C3F901F0F9FB00282E
:1072D00003D1019801F0F8F800200EBD0EB503218E
:1072E0006A46117001A901F0F3F9042801D00220C7
:1072F0000EBD6846FBF716FA01F0E2FB0EBD10B5B5
:1073000000F032FD012800D0002001F0C9F8002073
:1073100010BD10B50078302803D0312803D00220EA
:1073200010BD002000E0012000F024FD002010BD71
:107330000EB50120694608706846FBF789F90028F8
:1073400001D001200EBD68460079002800D0012040
:1073500001F0A6F800200EBD0EB5052069460870A4
:107360006846FBF775F901F0ABFB002803D10198E3
:1073700001F048F800200EBD00B587B005216A462F
:107380001174694601F07EF9102802D0022007B07E
:1073900000BD6846059004A8FBF7C4F901F090FB16
:1073A000F5E70EB50720694608706846FBF750F907
:1073B00001F086FB002804D16846007901F070F8DE
:1073C00000200EBD0EB507216A46117000783028E6
:1073D00005D0312801D002200EBD012000E00020A0
:1073E00010711046FBF79EF901F06AFB0EBD00001C
:1073F00010B5094C09A0217801F086FC60680028CE
:1074000005D0074907A001F07FFC0020606006A0BE
:1074100001F07AFC002010BD2400002025643A0011
:1074200078030020257300000D0A000070B50B4D95
:107430000BA0297801F068FC00240A4E04E0315DBD
:1074400009A001F061FC641C68688442F7D308A0BD
:1074500001F05AFC0020686070BD0000240000208C
:1074600025643A00780300202530327800000000BF
:107470000D0A00000EB50F20694608706846FBF73C
:10748000E7F801F01DFB002803D1019801F012F884
:1074900000200EBD0EB50F216A46117006A101AA8B
:1074A00001F02CF9012801D002200EBD6846FBF73F
:1074B00039F901F005FB0EBD256C75000EB50A20EB
:1074C000694608706846FBF7C3F801F0F9FA00282E
:1074D00004D16846007A00F0E3FF00200EBD0000F2
:1074E0003EB504460A20694608706846FBF7B0F8C6
:1074F00001F0E6FA002807D107A1204602AA01F010
:10750000FDF8012801D002203EBD6846FBF70AF9CC
:1075100001F0D6FA3EBD0000256868750000000045
:107520000EB51020694608706846FBF791F801F027
:10753000C7FA002803D1019800F0BCFF00200EBD5F
:107540000EB510216A46117006A101AA01F0D6F805
:10755000012801D002200EBD6846FBF7E3F801F0D8
:10756000AFFA0EBD256C75000EB50A20694608708D
:107570006846FBF76DF801F0A3FA002803D10198E3
:1075800000F08EFF00200EBD3EB504460A2069467D
:1075900008706846FBF75CF801F092FA002807D102
:1075A00007A1204601AA01F0A9F8012801D0022074
:1075B0003EBD6846FBF7B6F801F082FA3EBD00001A
:1075C000256C750010B50446F8F74DFE0146002203
:1075D000204600F0BDFC01F073FA10BD10B5044662
:1075E000F8F741FE01460122204600F0B1FC01F00F
:1075F00067FA10BD0EB51520694608706846FBF79E
:1076000027F801F05DFA002805D1694604200856E4
:1076100000F046FF00200EBD0EB515216A46117020
:1076200006A101AA01F06AF8012801D002200EBDCE
:107630006846FBF777F801F043FA0EBD25686875D8
:10764000000000000EB51720694608706846FAF77A
:10765000FFFF01F035FA002803D1019800F02AFF5E
:1076600000200EBD0EB517216A46117006A101AAB1
:1076700001F044F8012801D002200EBD6846FBF756
:1076800051F801F01DFA0EBD256C750010B500F023
:1076900077FB012800D0002000F002FF002010BD81
:1076A00010B50078302803D0312803D0022010BD57
:1076B000002000E0012000F069FB002010BD10B5A3
:1076C000F9F7E2FE00F0F6FE002010BD10B500F064
:1076D0003FFB012800D0002000F0E2FE002010BD9A
:1076E000BFF34F8F04490348C860BFF34F8F00BFFB
:1076F000FDE700000400FA0500ED00E001207047FE
:1077000010B500F049FB00F0CBFE002010BD10B515
:1077100000F048FB00F0CEFE002010BD10B504467E
:10772000F8F7A1FD01462046FFF72AF910BD10B574
:107730000446F8F798FD01462046FEF773FF10BD9A
:1077400010B5FEF719FF002010BD10B50446F8F77C
:107750008AFD01462046FEF7D3FF10BD10B5FFF7A6
:1077600077F910BD10B50446F8F77DFD01462046B7
:10777000FFF776F810BD10B50446F8F774FD014622
:107780002046FFF725F8002010BD000010B502A02C
:1077900001F0BAFA002010BD312E312E300D0A0052
:1077A000F8B54A002B4B520DD6182B4A0C4605460D
:1077B000142E2BDA002E12DA284BF8F775FD002272
:1077C0001346F8F759FF40D2002C03DA0124E407EE
:1077D00000253AE02046284337D0214C14E0214FC1
:1077E0000B46F7403B402B4331D01C4BF8F75CFD78
:1077F00000221346F8F740FF27D2002C03DD0120BA
:107800000005F0400419BC4300251EE0332E1EDCA9
:1078100033460027143BFF43DF40384217D00F4B5D
:10782000F8F7ECFD00221346F8F726FF0DD2002CE6
:107830000ADD142E0CD03420811B01208840401911
:10784000A84200D2641C0546BD4321462846F8BD27
:10785000641CF9E701FCFFFF9C7500883CE4377E5F
:107860000000F03FFFFF0F0010B5072800D90720E8
:1078700002498000085801F047FA10BD8C8F0008BB
:1078800010B50B781478634003704B7854786340DC
:1078900043708B78947863408370CB78D47863405E
:1078A000C3700B791479634003714B795479634049
:1078B00043718B79947963408371CB79D479634038
:1078C000C3710B7A147A634003724B7A547A634023
:1078D00043728B7A947A63408372CB7AD47A634012
:1078E000C3720B7B147B634003734B7B547B6340FD
:1078F00043738B7B947B63408373C97BD27B514002
:10790000C17310BD0A7802704A7842708A7882701A
:10791000CA78C2700A7902714A7942718A79827191
:10792000CA79C2710A7A02724A7A42728A7A827279
:10793000CA7AC2720A7B02734A7B42738A7B827361
:10794000C97BC17370470000FFB505463E480C4631
:1079500095B00168139120991F9F490601D5406891
:1079600013901898801E232802D3002019B0F0BD70
:107970002098C00701D0302000E020201290002085
:1079800011902098800707D5002A05DA2D20119044
:107990001E985242401E1E900026002A15D0104606
:1079A0001899F8F7A5FB139A525C69468A55761C1C
:1079B0000200F4D1BE4200DD374620991E98CA0766
:1079C000C01B2021002A0AD00DE030206946087033
:1079D0000126EFE72970641E6D1C002C31D0024691
:1079E000401E002AF6DC119A002A04D02A70641E78
:1079F0006D1C002C25D00246401E002A07DD129A7D
:107A0000F4E72A70641E6D1C002C01D119E03022AD
:107A10003B467F1EB342F4DC6A463346761E002B9B
:107A20000BDD935D2B70641E6D1C002CF5D108E0FE
:107A30002970641E6D1C002C03D00246401E002AD3
:107A4000F6DC284692E70000BC000020F8B54A00AA
:107A50002B4B520DD6182B4A0C460546142E2BDA0A
:107A6000002E12DA284BF8F71FFC00221346F8F715
:107A700003FE40D2002C02DB002425463BE06000E0
:107A80004008284337D0214C14E0214F0B46F740E3
:107A90003B402B4331D01C4BF8F706FC0022134629
:107AA000F8F7EAFD27D2002C03DA01200005F040A8
:107AB0000419BC4300251EE0332E1EDC334600278C
:107AC000143BFF43DF40384217D00F4BF8F796FCCA
:107AD00000221346F8F7D0FD0DD2002C0ADA142E3E
:107AE0000CD03420811B012088404019A84200D2CC
:107AF000641C0546BD4321462846F8BD641CF9E7D1
:107B000001FCFFFF9C7500883CE4377E0000F0BF5D
:107B1000FFFF0F0030B504460020034605E09D003E
:107B20004D59A54200D101205B1C9342F7D330BDD3
:107B300070B5414E00223270B160306134461C3461
:107B40004168A01C88473DA001F0DEF8A17840A064
:107B500001F0DAF801256019817841A001F0D4F82C
:107B60006D1C082DF7DB40A001F0CEF8A17A3FA0F4
:107B700001F0CAF801256019817A39A001F0C4F832
:107B80006D1C082DF7DB38A001F0BEF8A17C3BA0EE
:107B900001F0BAF801256019817C3CA001F0B4F82D
:107BA0006D1C102DF7DB3BA001F0AEF8306980684A
:107BB000804700F061FD3849002000F0B5FC70609E
:107BC00036A001F0A1F8A17821A001F09DF80125CF
:107BD0006019817822A001F097F86D1C082DF7DB61
:107BE00021A001F091F832A0716801F08DF8124ED9
:107BF00033A03C36B17801F087F8012560192030B8
:107C0000817822A001F080F86D1C102DF6DB16A003
:107C100001F07AF8B17C2EA001F076F80125601908
:107C20002030817C19A001F06FF86D1C102DF6DB5F
:107C30000DA001F069F870BD340000204966204FA6
:107C400054414120656E61626C65640A0D0000005C
:107C50004465764575693D202530325800000000A6
:107C60002D253032580000000A0D0000417070458B
:107C700075693D2025303258000000004170704B7E
:107C800065793D2025303258000000002025303233
:107C9000580000000A0A0D00FFFFFF01496620415D
:107CA000425020656E61626C65640A0D0000000040
:107CB0004465764164643D2020253038580A0D0023
:107CC0004E776B534B65793D2025303258000000CC
:107CD000417070534B65793D2025303258000000CB
:107CE000004870475A00002010B50146082202489B
:107CF00000F002FA10BD00005A0000200048704752
:107D00006200002010B501461022024800F0F4F98C
:107D100010BD00006200002001484079704700005B
:107D20009000002000487047520000200148407831
:107D3000704700005000002010B504490128487029
:107D400000D00020FAF70EFF10BD00005000002008
:107D50000448806C002803D00079002800D001205E
:107D60007047000050000020014800787047000074
:107D700050000020014908707047000050000020AA
:107D80000148807970470000900000200149887107
:107D9000704700009000002001490220085E7047F3
:107DA00090000020014904200856704790000020F0
:107DB000F0B54C4C85B020784B4F002505260300CC
:107DC000FFF707F806043671758D8B8D46484749D5
:107DD0000C3801604649416046498160206941494B
:107DE00000680C310860404805220C38FAF726FA82
:107DF0003D4841492038FEF76FFE02203870A068E8
:107E0000407A38713848FAF78DFC07203870A0683E
:107E1000C07A38713448FAF785FC3D70A068007A62
:107E200038713148FAF77EFC0120FFF785FF53E0F7
:107E30002C481C3001780320012921D038702A48B1
:107E40007D60FAF76FFC042038706068786026481F
:107E5000FAF768FC23483E703E3078602248FAF713
:107E600061FC062038701F484E3078601E48FAF7D3
:107E700059FC0120387038711B48FAF753FC2BE08D
:107E800069460D7017491E31019108310291083180
:107E9000039169460874607800281DD00846FAF7F7
:107EA00011FD657018E015A000F02EFF14E00E48DB
:107EB0000C300078012804D0A0680178002902D095
:107EC0000AE0114900E0416807482038FEF76CFEDF
:107ED00005482038FEF77AFE267005B0F0BD257003
:107EE000FBE7000034000020AC050020092C00084E
:107EF000192C0008AD2D0008293800084A4F494EBA
:107F000045440A0D00000000881300000148007875
:107F100070470000340000203EB50124684604701C
:107F2000FAF796FB002803D169460979012909D09F
:107F3000064801781C38012902D14178002902D075
:107F4000047000203EBD01203EBD00005000002016
:107F5000FEB517460C46054601AA33A100F0CEFB3C
:107F6000012805D031A000F0CFFE37E0641E6D1C63
:107F7000287830380928F9D928783A28F2D1641EAF
:107F80006D1CFBF7F5FB334E3078032803D005203A
:107F900030700720FEBD2F481430002F24D000275A
:107FA0006A46977014E078002A5C69460A704019A6
:107FB00040784870274828A114300068C2196846E4
:107FC00000F09CFB012807D1A41E7F1C402F01D28A
:107FD000012CE8D8002C03D0052030700320FEBD12
:107FE0001C481430077109E0402C00D94024074692
:107FF000A2B20068294600F07FF83C711549684636
:1080000000795C314871707800280AD0FBF7B8FD20
:10801000FEF7AEF97070002803D005203070012003
:10802000FEBD0020FEBD000025753A0041542B53D3
:10803000454E4420776974686F75742074686520B4
:108040006170706C69636174696F6E20706F7274B7
:10805000000000003400002025686878000000005F
:1080600010B507490748FEF737FD07490548FEF7F1
:108070009BFD0448FEF7AAFDFFF74EFF10BD000070
:108080002D2E0008CC05002088130000F9F7A6FA71
:10809000FEF728FAF9F778FAF8F7F8FDF8F772FD25
:1080A0000CA000F031FE134908461438FFF740FDDC
:1080B000FFF77EFEF8F76CFD72B6FFF727FF052885
:1080C00005D1F9F7DFFE002801D1FAF78BFD62B682
:1080D000EEE70000415474656E74696F6E20636F43
:1080E0006D6D616E6420696E746572666163650AA8
:1080F0000D000000B000002003E00B780370401C6E
:10810000491C1346521E92B2002BF6D170478018BC
:10811000401E03E00B780370401E491C1346521E9C
:1081200092B2002BF6D1704701E00170401C13465B
:10813000521E92B2002BF8D1704700007FB5044662
:1081400001466846FFF7DEFB6B46197880485A798E
:10815000455CC11DF9318A5C9B7A5540C21FF93AD2
:10816000D65C6B46DB7BD35C5E40754025706B460E
:108170001B78D55C6B465B79C35C5D406B469B7A34
:10818000CE5C6B46DB7BD35C5E40754065706B46B6
:108190001B78D55C6B465B79D35C5D406B469B7A04
:1081A000C65C6B46DB7BCB5C5E407540A5706B4666
:1081B0001B78CD5C6B465B79D35C5D406B469B7AEC
:1081C000D65C6B46DB7BC35C5E407540E5706B46FE
:1081D0001B79C55C6B465B7ACB5C5D406B469B7BD9
:1081E000D65C6B46DB78D35C5E40754025716B4690
:1081F0001B79D55C6B465B7AC35C5D406B469B7BB1
:10820000CE5C6B46DB78D35C5E40754065716B4637
:108210001B79D55C6B465B7AD35C5D406B469B7B80
:10822000C65C6B46DB78CB5C5E407540A5716B46E7
:108230001B79CD5C6B465B7AD35C5D406B469B7B68
:10824000D65C6B46DB78C35C5E407540E5716B467F
:108250001B7AC55C6B465B7BCB5C5D406B469B7859
:10826000D65C6B46DB79D35C5E40754025726B460D
:108270001B7AD55C6B465B7BC35C5D406B469B7831
:10828000CE5C6B46DB79D35C5E40754065726B46B5
:108290001B7AD55C6B465B7BD35C5D406B469B7801
:1082A000C65C6B46DB79CB5C5E407540A5726B4665
:1082B0001B7ACD5C6B465B7BD35C5D406B469B78E9
:1082C000D65C6B46DB79C35C5E407540E5726B46FD
:1082D0001B7BC55C6B465B78CB5C5D406B469B79DA
:1082E000D65C6B46DB7AD35C5E40754025736B468B
:1082F0001B7BD55C6B465B78C35C5D406B469B79B2
:10830000CE5C6B46DB7AD35C5E40754065736B4632
:108310001B7BD55C6B465B78D35C5D406B469B7981
:10832000C65C6B46DB7ACB5C5E407540A5736B46E2
:108330001B7BC95C6B465B78D35C59406B469B7971
:10834000D25C6B46DB7AC05C42405140E1737FBD3A
:1083500030950008F8B501780025412902D141780F
:10836000542901D0012516E08178002913D0234E2D
:108370003F2914D00125871C00242046182148439A
:1083800081194A6831583846F7F774FF002814D02D
:10839000641C2A2CF1D32846FFF766FAF8BD18486A
:1083A00000F0B2FC0024182060438019406900F0FE
:1083B000ABFC641C2A2CF6D3EDE718204443A1192A
:1083C0004868C0190278002A08D03D2A08D03F2A00
:1083D000E1D1486900F098FC0025DCE7096907E075
:1083E00042783F2A02D18278002A04D0C968401C12
:1083F00088470546CFE78968F9E70000AC8F000899
:10840000A09B000810B58EB0C47B837B427B017BB0
:1084100009910AA91CC1C47A837A427A017A089424
:1084200005AC0EC4C479837942790179019102A91E
:108430001CC1C1780091837842780178024800F02D
:1084400063FC0EB010BD00003097000810B586B078
:10845000C479837942790179019102A91CC1C1785B
:10846000009183784278017802A000F04DFC06B0BC
:1084700010BD0000253032783A253032783A253068
:1084800032783A253032783A253032783A2530320F
:10849000783A253032783A253032780D0A000000DB
:1084A00010B5014601A000F02FFC10BD25640D0A97
:1084B0000000000010B5014601A000F025FC10BD31
:1084C00025750D0A0000000001B582B06846C07A2B
:1084D00000906846837A427A017A02A000F014FC88
:1084E0000EBD0000253032783A253032783A2530FA
:1084F00032783A253032780D0A00000010B506496E
:10850000064A08685043064A801808600549F7F78C
:10851000EFFD084610BD0000C40100206D4EC641AD
:1085200039300000FFFFFF7F70B50D460446FFF7AE
:10853000E5FF291B491CF7F7F1FD081970BD000084
:10854000F0B513B406460199F8F73EF904460D4616
:1085500002460B4630460199F7F74AFF0646019856
:108560001B4B0F4600280CDA00223046F8F76AF958
:108570000CD90022174B30463946F8F77DF81DD24A
:1085800014E000223046F8F75DF908D20022124BC1
:1085900020462946F7F72CFF04460D460EE0002240
:1085A0000C4B30463946F8F767F807D800220A4BDB
:1085B00020462946F7F778FE04460D46019A6900E1
:1085C0004908D20FD2072046114303B0F0BD000086
:1085D0000000E0BF0000E03F0000F03F70B514462F
:1085E0000546FF2A00D3FF2422460348FFF784FDF7
:1085F00002484460057070BD78030020240000200C
:108600000249027C0A71C0894880704790000020AE
:10861000027818498A5C027002798A5C0271027AD7
:108620008A5C0272027B8A5C027343794278CB5C7B
:108630004370437ACB5C4371437BCB5C43728A5C6F
:108640004273837A8278CB5C83708A5C8272837B8C
:108650008279CB5C83718A5C8273C37AC27BCB5C88
:10866000C373C379CB5CC372C378CB5CC371895CC1
:10867000C1707047309400080149086070470000DD
:10868000C401002030B50D460F356C1E8FB0631E3F
:108690000D955A1E0AAD1CC5551E941ED31E099574
:1086A000121F06AD1CC5CD1D05958C1D4B1D0A1D49
:1086B00002AD1CC5CA1C8B1C009301924B1C0A46C0
:1086C000024900F01BF80FB030BD0000849700088D
:1086D0001CB5CB1C8A1C019300924B1C0A4602A1BC
:1086E00000F00CF81CBD0000256868783A25686821
:1086F000783A256868783A25686878000FB410B52C
:1087000004AA039900F004F810BC08BC04B0184790
:10871000F7B5FFB091B00D460646F7F7A4FD0790F8
:1087200000200990049028786D1C002870D025281E
:1087300032D1002208231146042428786D1C3728E2
:1087400040D014DC32283DD008DC00287ED025281B
:1087500022D0302836D0312843D133E0332831D0ED
:1087600034282FD035282DD036283AD12AE0642855
:108770002FD008DC382825D0392823D0442826D00B
:1087800058282ED145E0682811D06C2817D07528BC
:1087900021D0782825D13CE0079900297EDD317869
:1087A000814235D10798401E761C0790BBE7287898
:1087B000682801D02143C0E719436D1CBDE70120A3
:1087C0000143BAE70A277A431218303AB5E7012085
:1087D0000143032003E001230320DB0219430A23A2
:1087E0000493079B002B59DD03289CD15C48521E43
:1087F000824200D90246521C052000030143029226
:1088000000200EAA01910C920D900146029A77E089
:10881000A4E00123DB02032019431023E0E73478AE
:10882000412C17D00DDC22462B3A1300FEF7D1FA6B
:108830000F506A4B6A6A3E3E3E3E3E3E3E3E3E3EE4
:108840006A00612C1AD015DC224600E081E0423A31
:10885000042A57D8049A0A2A54DD0523019A1B03D7
:108860009A430192049AD317F7F79CFCE20F362340
:10887000DB4312E02246623A042A43D8049A0A2AC9
:1088800040DD0523019A1B039A430192049AD317F2
:10889000F7F788FCE20F5623DB4300E056E00027A1
:1088A000FF43E3187A41C01851411BE00523019AA8
:1088B0001B039A430192049AD317F7F773FCE20F54
:1088C0002F23DB43E9E7019A920401D401220D92A0
:1088D000019AD20416D50123019A1B039A435B0027
:1088E0001A4301920C9A14700C9A521C0C92079A1B
:1088F000521E0792002A05DD029A521E761C029231
:10890000002A8CD10199490428D40C9900220A70BC
:108910000D99002900D040420199C90703D09299CE
:108920000A6810600CE00199490703D592990A681A
:10893000108005E001990907F1D592990A68107035
:10894000091D09989291401C0990ECE609980028AD
:1089500001D10020C0437FB014B0F0BD0998FAE700
:10896000FF010000FFB585B00746069816460028AF
:1089700002DC002009B0F0BD401E3C4603908EE0B2
:108980000399E21B8A4270DA252801D0207045E065
:1089900072780020761C302A00D101200021C943C2
:1089A000303A0D46092A0BD8002532460A231278A0
:1089B0005D43303D761C55193278303A092AF4D996
:1089C0008C4631780A23692950D006DC582948D0D2
:1089D00063291AD0642906D148E0732920D075296B
:1089E0004CD078293FD0252902D025212170641C44
:1089F0000399E21B8A4241DA3178002939D021708B
:108A0000641C37E02070641C00E020206D1E002DE7
:108A1000F8DC089801782170001D0890641C3DE086
:108A2000089802C800910890002901D0084601E08A
:108A300021A00090F7F717FC202101E02170641CB1
:108A40002A466D1E8242F9DC002107E0009A491C8B
:108A500012782270009A521C641C00928142F5DB4D
:108A60001CE040210843102308E020E002210843D5
:108A700004E0761E0399E21B8A420FDB8107089906
:108A800004C908916146019102900698E11B411AC0
:108A900000952046491EFEF757FF0446761C3078A5
:108AA000002800D06CE70399E21B8A42FADA002022
:108AB0002070E01B5EE700003C4E554C4C3E000031
:108AC000012807D0032807D0072807D0002800D0A6
:108AD000012070470320704702207047052070472F
:108AE00070B52A4C0026E069C002C00F0DD0A06806
:108AF0004002C00F09D00120000520620420FAF7CF
:108B000053F82068202108432060E0698006C00FE8
:108B100009D020688006C00F05D0606A0126C5B262
:108B20000420FAF74DF8E069C007C00F0BD1E069E7
:108B30008007C00F07D1E0690007C00F03D1E069CB
:108B40004007C00F0CD012A000F0DEF80120206218
:108B5000022020620820206204202062012501E01A
:108B6000002E0BD01048C11F0268F9395554026815
:108B70004468531CDBB29C4201D0036070BD0D20E1
:108B800050540AA000F0C0F870BD0000004800403A
:108B90004572726F72207768656E207265636569D1
:108BA00076696E670A000000E00700207561727444
:108BB0005F636F6E746578742E6275666652782096
:108BC000627566666572206F766572666C6F772077
:108BD00025640D0A0000000010B524490122C86870
:108BE00088B0D20203239B0298431043C8601F48F9
:108BF000D1014038826B0A438263806B0840069043
:108C000000F03AF84B20C001002100900C20184CD5
:108C10000191029103910591049069462046F9F76C
:108C200093F9012801D0F8F7A3F82068022108433E
:108C30002060A06809050322120590430843A06044
:108C4000A06849000843A060206801210843206013
:108C5000E0698002C00FFBD0E0694002C00FFBD08A
:108C6000044820214172817208B010BD40100240BA
:108C700000480040E007002030B585B00220019098
:108C8000002002900120052506242D0703906A4646
:108C9000042104942846F8F7D5FA6A4608212846A4
:108CA0000494F8F7CFFA08490868FF2212029043AB
:108CB0000860012005494007086005480168202236
:108CC0001143016005B030BD1CE400E000E100E0AC
:108CD0000048004010B50A49887A20280FD1087A48
:108CE00001280CD0012222208872064803688415CE
:108CF000234303608368134383600020087210BD20
:108D0000E0070020004800400FB4F8B507ABEFF3D0
:108D1000108572B61F4F3888FF2101311E4C069A0C
:108D200000280FD03888884206D03E88891BA019B9
:108D3000FFF718FE8019388085F31088F8BC08BC4E
:108D400004B018471448FFF70DFE3880398885F3C2
:108D50001088124A00200346402506E0E65C966231
:108D6000D6697606F60FFBD05B1C0E468B42156269
:108D7000F4DB3546EFF3108372B63E88AE4202D183
:108D800000263E8001E00846398883F31088A94216
:108D9000E1D1D3E7C4000020E005002000480040F6
:108DA00002780B785A40027042784B785A404270F1
:108DB00082788B785A408270C278CB785A40C270E1
:108DC00002790B795A40027142794B795A404271CB
:108DD00082798B795A408271C279CB795A40C271BB
:108DE000027A0B7A5A400272427A4B7A5A404272A5
:108DF000827A8B7A5A408272C27ACB7A5A40C27295
:108E0000027B0B7B5A400273427B4B7B5A4042737E
:108E1000827B8B7B5A408273C27BC97B4A40C27380
:108E200070470000354F0008E54E00085D4E000811
:108E30006D4C0008C958000849580008DD4F00086B
:108E4000F15400084D5C0008955F0008694C00086B
:108E5000794C000825560008955E0008B95E0008A8
:108E6000E95900081562000885610008915500085D
:108E70004D6200082F550008596200083F55000850
:108E8000DD5E000899580008000C23000D1E000E3E
:108E9000D2001A01001FAA0024070027120028C1CF
:108EA000002994002AC10030D800358F003B020011
:108EB0004000004130012340280A00001700000054
:108EC0001C0C00000F0000003C0F00000700000019
:108ED00050140000160000009C1800000E00000056
:108EE000781E000006000000A02800001500000009
:108EF000D43000000D000000F03C00000500000030
:108F00004051000014000000A86100000C000000A7
:108F1000447A000004000000E4A2000013000000F6
:108F200050C300000B00000024F400000300000008
:108F30008545010012000000A08601000A00000023
:108F400048E80100020000002C8B02001100000024
:108F5000400D03000900000090D003000100000054
:108F6000E09304000000000000000000000000008A
:108F70000102030406070809030406080C10182060
:108F8000300000000001020304000000A89A00085D
:108F9000C49A0008B09A0008E49A0008489B0008A8
:108FA000189A0008D49A00081C9D000828A30008FD
:108FB00001000000FD760008FD760008E17600085B
:108FC000F89A000844A20008050000002F7100086C
:108FD000FD760008FD7600085C9A0008B8A200083B
:108FE00006000000ED7000080D710008FD76000815
:108FF000D89E000808A30008070000001D700008A4
:109000002B700008FD760008B0A1000810A300082E
:10901000080000005973000879730008FD76000805
:1090200044A100081CA300080800000047700008C5
:1090300067700008FD76000878A100084CA20008BF
:1090400007000000A96F0008B96F0008FD7600084E
:109050007C9A0008B0A20008040000005D6F0008C0
:109060007F6F0008FD7600088099000894A2000830
:1090700004000000F575000819760008FD76000868
:1090800044980008A4A20008030000009B70000898
:10909000C1700008FD760008B4980008D0A200084E
:1090A00004000000E171000801720008FD7600086C
:1090B000289C000884A2000804000000A373000894
:1090C000C5730008FD760008409900089CA20008BE
:1090D000060000006975000889750008FD76000823
:1090E00014A10008A8A2000806000000BD74000832
:1090F000E1740008FD760008F49800085CA20008FE
:10910000060000007574000895740008FD760008DC
:10911000309D00086CA200080600000021750008C0
:1091200041750008FD760008F09D000854A2000873
:10913000060000002B7200084D720008FD76000842
:10914000889D000864A200080600000075720008EF
:1091500095720008FD760008489E00087CA2000871
:1091600004000000FF72000813730008FD76000879
:109170007498000804A2000806000000BD720008F0
:10918000DD720008FD760008349A0008F8A2000895
:10919000040000004576000865760008FD760008AA
:1091A000B49C0008FCA100080400000097710008AE
:1091B000B9710008FD760008849C0008E8A2000848
:1091C000060000003D7100086D710008FD76000882
:1091D000B09E00088CA2000805000000FD76000883
:1091E000FD7600081F720008E49C0008E0A2000859
:1091F0000400000031730008FD760008FD760008C9
:10920000049F0008ECA1000806000000FD7600089D
:10921000DD750008FD760008C09F00080CA200085C
:1092200005000000FD760008C5750008FD76000801
:1092300004A00008F4A10008060000002D74000836
:10924000FD7600082D740008C899000800A30008E6
:1092500005000000F1730008FD760008F1730008B6
:10926000249F0008C0A20008040000008D770008B9
:10927000FD760008FD760008189B000874A200081F
:10928000040000008D760008A1760008FD76000835
:1092900010980008D8A2000804000000CD7600084D
:1092A000FD760008FD760008D4970008C8A20008E3
:1092B000040000000F770008FD760008FD76000826
:1092C0008C9F000834A20008050000000177000808
:1092D000FD760008FD760008589F0008F0A20008FF
:1092E00004000000BF760008FD760008FD76000847
:1092F000FC9C00083CA2000806000000FD76000867
:10930000FD7600082F770008ECA0000814A20008E2
:1093100006000000FD760008FD760008657700086D
:10932000CCA00008E4A1000806000000FD760008BB
:10933000FD7600087777000864A00008DCA100082B
:1093400006000000FD760008FD7600084177000861
:1093500040A000082CA20008060000001D770008AD
:109360004B770008FD76000888A000081CA20008C2
:1093700005000000FD760008FD7600085D77000816
:10938000A8A0000824A2000807000000FD7600083D
:10939000FD76000891700008649B00081F1C1F1ECA
:1093A0001F1E1F1F1E1F1E1F0700000008000000B9
:1093B000090000000A0000000B0000000C00000083
:1093C0000500000006000000070000000800000083
:1093D0007D000000FA000000F4010000080A0C0DF6
:1093E0000E10121415181A1B1D1E2124140E0B0822
:1093F00005020C0B0A090807073233333373F2F204
:10940000F2F233333373DEDEDEDE0000A027BE333C
:109410000000000050010000E034C13300000000F3
:10942000500100002042C433000000005001000041
:10943000637C777BF26B6FC53001672BFED7AB7611
:10944000CA82C97DFA5947F0ADD4A2AF9CA472C0BC
:10945000B7FD9326363FF7CC34A5E5F171D8311529
:1094600004C723C31896059A071280E2EB27B2754A
:1094700009832C1A1B6E5AA0523BD6B329E32F84C2
:1094800053D100ED20FCB15B6ACBBE394A4C58CFBA
:10949000D0EFAAFB434D338545F9027F503C9FA88E
:1094A00051A3408F929D38F5BCB6DA2110FFF3D25C
:1094B000CD0C13EC5F974417C4A77E3D645D197310
:1094C00060814FDC222A908846EEB814DE5E0BDB0A
:1094D000E0323A0A4906245CC2D3AC629195E47941
:1094E000E7C8376D8DD54EA96C56F4EA657AAE089B
:1094F000BA78252E1CA6B4C6E8DD741F4BBD8B8A36
:10950000703EB5664803F60E613557B986C11D9E9B
:10951000E1F8981169D98E949B1E87E9CE5528DF12
:109520008CA1890DBFE6426841992D0FB054BB163E
:10953000C6F8EEF6FFD6DE916002CE56E7B54DECEA
:109540008F1F89FAEFB28EFB41B35F452353E49B33
:1095500075E13D4C6C7EF5836851D1F9E2AB622A2E
:109560000895469D30370A2F0E241BDFCD4E7FEA2B
:10957000121D583436DCB45BA476B77D52DD5E1321
:10958000A6B900C140E379B6D48D67729498B085CE
:10959000BBC54FED869A66118AE904FEA078254B7B
:1095A000A25D80053F2170F16377AF4220E5FDBFEA
:1095B000811826C3BE35882E9355FC7AC8BA32E688
:1095C000C0199EA344543B0B8CC76B28A7BC16AD97
:1095D000DB647414920C48B89FBD43C43931D3F294
:1095E000D58B6EDA01B19C49D8ACF3CFCAF44710E1
:1095F0006FF04A5C38577397CBA1E83E96610D0F28
:10960000E07C71CC9006F71CC26AAE6917993A27C4
:10961000D9EB2B22D2A907332D3C15C987AA50A517
:109620000359091A65D784D082295A1E7BA86D2C4C
:10963000A584998D0DBDB1545003A97D1962E69A98
:10964000459D408715EBC90BEC67FDEABFF7965BBC
:10965000C21CAE6A5A41024F5CF434089373533F04
:109660000C52655E28A10FB509369B3D2669CD9F3A
:109670001B9E742E2DB2EEFBF64D61CE7B3E719794
:10968000F568002C601FC8EDBE46D94BDED4E84A11
:109690006B2AE516C5D75594CF100681F044BAE37E
:1096A000F3FEC08AADBC4804DFC17563301A0E6D8D
:1096B0004C14352FE1A2CC3957F28247ACE72B95F9
:1096C000A098D17F667EAB83CA29D33C79E21D7610
:1096D0003B564E1EDB0A6CE45D6EEFA6A8A4378BEA
:1096E000324359B78C64D2E0B4FA0725AF8EE9183B
:1096F000D5886F7224F1C751237C9C21DDDC8685DF
:109700009042C4AAD8050112A35FF9D0915827B995
:109710003813B333BB7089A7B622922049FF787AF9
:109720008FF88017DA31C6B8C3B07711CBFCD63AC0
:10973000253032783A253032783A253032783A2559
:109740003032783A253032783A253032783A25303E
:1097500032783A253032783A253032783A2530322C
:10976000783A253032783A253032783A25303278D6
:109770003A253032783A253032783A253032780D31
:109780000A000000256868783A256868783A2568F4
:1097900068783A256868783A256868783A2568686C
:1097A000783A256868783A256868783A256868784C
:1097B0003A256868783A256868783A256868783A7A
:1097C000256868783A256868783A256868783A257F
:1097D0006868780041542B4346533A20476574200B
:1097E000636F6E6669726D6174696F6E2073746108
:1097F000747573206F6620746865206C61737420C3
:1098000041542B53454E442028302D31290D0A0058
:1098100041542B43464D3A20476574206F722053C4
:1098200065742074686520636F6E6669726D61741B
:10983000696F6E206D6F64652028302D31290D0A07
:109840000000000041542B5458503A2047657420C2
:109850006F722053657420746865205472616E7352
:109860006D697420506F7765722028302D35290D71
:109870000A00000041542B4E4A4D3A20476574209F
:109880006F722053657420746865204E6574776F1D
:10989000726B204A6F696E204D6F64652E202830F0
:1098A0003A204142502C20313A204F544141290D59
:1098B0000A00000041542B44523A20476574206F3F
:1098C000722053657420746865204461746120526D
:1098D0006174652E2028302D3720636F7272657396
:1098E000706F6E64696E6720746F2044525F5829F0
:1098F0000D0A000041542B52583244523A20476519
:1099000074206F7220536574207468652052783219
:109910002077696E646F772064617461207261746E
:10992000652028302D3720636F72726573706F6EFB
:1099300064696E6720746F2044525F58290D0A00D5
:1099400041542B504E4D3A20476574206F7220537E
:10995000657420746865207075626C6963206E653B
:1099600074776F726B206D6F64652E2028303A20FB
:109970006F66662C20313A206F6E290D0A000000B8
:1099800041542B4144523A20476574206F72205352
:10999000657420746865204164617074697665201F
:1099A0004461746120526174652073657474696EDA
:1099B000672E2028303A206F66662C20313A206FBF
:1099C0006E290D0A0000000041542B5245435642B7
:1099D0003A207072696E74206C61737420726563D2
:1099E0006569766564206461746120696E206269CE
:1099F0006E61727920666F726D6174202877697468
:109A0000682068657861646563696D616C20766162
:109A10006C756573290D0A000D0A41545F4E4F5F46
:109A20004E4554574F524B5F4A4F494E45440D0ADD
:109A30000000000041542B4E574B49443A204765E3
:109A400074206F722053657420746865204E6574AD
:109A5000776F726B2049440D0A00000041542B447B
:109A60004555493A204765742074686520446576F9
:109A7000696365204555490D0A00000041542B419A
:109A800050504555493A20476574206F7220536500
:109A90007420746865204170706C69636174696FCB
:109AA0006E204555490D0A000D0A4F4B0D0A000066
:109AB0000D0A41545F504152414D5F4552524F5241
:109AC0000D0A00000D0A41545F4552524F520D0AD3
:109AD000000000000D0A41545F52585F4552524F3A
:109AE000520D0A000D0A41545F425553595F4552C9
:109AF000524F520D0A00000041545A3A20547269E4
:109B0000672061207265736574206F6620746865D4
:109B1000204D43550D0A000041542B5645523A2022
:109B2000476574207468652076657273696F6E206E
:109B30006F66207468652041545F536C61766520C0
:109B400046570D0A000000000D0A41545F5445536A
:109B5000545F504152414D5F4F564552464C4F570E
:109B60000D0A000041542B4345525449463A2053B4
:109B7000657420746865206D6F64756C6520696E0E
:109B8000204C6F726157616E20436572746966691B
:109B9000636174696F6E204D6F64650D0A0000008B
:109BA00041542B3C434D443E3F2020202020202088
:109BB000203A2048656C70206F6E203C434D443E37
:109BC0000D0A41542B3C434D443E202020202020B0
:109BD0002020203A2052756E203C434D443E0D0A11
:109BE00041542B3C434D443E3D3C76616C75653E93
:109BF000203A20536574207468652076616C756521
:109C00000D0A41542B3C434D443E3D3F2020202033
:109C10002020203A20476574207468652076616CA6
:109C200075650D0A0000000041542B4443533A204F
:109C3000476574206F7220536574207468652045F1
:109C40005453492044757479204379636C652073BB
:109C5000657474696E67202D20303D64697361629C
:109C60006C652C20313D656E61626C65202D204F46
:109C70006E6C7920666F722074657374696E670DFF
:109C80000A00000041542B4643443A2047657420A3
:109C90006F722053657420746865204672616D652B
:109CA00020436F756E74657220446F776E6C696EB9
:109CB0006B0D0A0041542B4643553A2047657420EA
:109CC0006F722053657420746865204672616D65FB
:109CD00020436F756E7465722055706C696E6B0DE4
:109CE0000A00000041542B4A4F494E3A204A6F69FE
:109CF0006E206E6574776F726B0D0A0041542B42B3
:109D000041543A2047657420746865206261747418
:109D1000657279206C6576656C0D0A000D0A6572B6
:109D2000726F7220756E6B6E6F776E0D0A00000099
:109D300041542B525831444C3A20476574206F727D
:109D400020536574207468652064656C61792062B5
:109D500065747765656E2074686520656E64206F34
:109D6000662074686520547820616E64207468658C
:109D70002052782057696E646F77203120696E20F9
:109D80006D730D0A0000000041542B4A4E31444CC3
:109D90003A20476574206F7220536574207468659B
:109DA000204A6F696E204163636570742044656C5E
:109DB0006179206265747765656E207468652065D9
:109DC0006E64206F662074686520547820616E642C
:109DD00020746865204A6F696E2052782057696E3A
:109DE000646F77203120696E206D730D0A000000CA
:109DF00041542B525832444C3A20476574206F72BC
:109E000020536574207468652064656C61792062F4
:109E100065747765656E2074686520656E64206F73
:109E2000662074686520547820616E6420746865CB
:109E30002052782057696E646F77203220696E2037
:109E40006D730D0A0000000041542B4A4E32444C01
:109E50003A20476574206F722053657420746865DA
:109E6000204A6F696E204163636570742044656C9D
:109E70006179206265747765656E20746865206518
:109E80006E64206F662074686520547820616E646B
:109E900020746865204A6F696E2052782057696E79
:109EA000646F77203220696E206D730D0A00000008
:109EB00041542B434C4153533A20476574206F72F1
:109EC0002053657420746865204465766963652055
:109ED000436C6173730D0A0041542B444144445256
:109EE0003A20476574206F7220536574207468654A
:109EF0002044657669636520616464726573730DDF
:109F00000A00000041542B4E4A533A204765742002
:109F1000746865206A6F696E207374617475730D5F
:109F20000A00000041542B524543563A2070726992
:109F30006E74206C61737420726563656976656404
:109F4000206461746120696E2072617720666F728F
:109F50006D61740D0A00000041542B525353493A6D
:109F600020476574207468652052535349206F66FA
:109F700020746865206C617374207265636569760E
:109F80006564207061636B65740D0A0041542B5346
:109F90004E523A204765742074686520534E522013
:109FA0006F6620746865206C6173742072656365E8
:109FB00069766564207061636B65740D0A0000004A
:109FC00041542B53454E44423A2053656E642068F9
:109FD000657861646563696D616C2064617461209A
:109FE000616C6F6E672077697468207468652061A2
:109FF00070706C69636174696F6E20706F72740D3C
:10A000000A00000041542B53454E443A2053656EDC
:10A01000642074657874206461746120616C6F6E73
:10A0200067207769746820746865206170706C6956
:10A03000636174696F6E20706F72740D0A000000A6
:10A0400041542B54524C52413A20537461727473F0
:10A05000205246205278204C4F5241207465737430
:10A060000D0A000041542B54544C52413A20537471
:10A0700061727473205246205478204C4F52412014
:10A08000746573740D0A000041542B54434F4E46BF
:10A090003A20436F6E666967204C4F52412052460A
:10A0A00020746573740D0A0041542B544F46463A90
:10A0B0002053746F7073206F6E2D676F696E672009
:10A0C000524620746573740D0A00000041542B54ED
:10A0D000544F4E453A205374617274732052462097
:10A0E000546F6E6520746573740D0A0041542B54CF
:10A0F000525353493A20537461727473205246206C
:10A100005253534920746F6E6520746573740D0A41
:10A110000000000041542B52583246513A20476506
:10A1200074206F72205365742074686520527832F1
:10A130002077696E646F77206672657175656E63EE
:10A14000790D0A0041542B4E574B534B45593A2039
:10A15000476574206F722053657420746865204EC3
:10A160006574776F726B2053657373696F6E204BE4
:10A1700065790D0A0000000041542B415050534BAB
:10A1800045593A20476574206F72205365742074D6
:10A190006865204170706C69636174696F6E2053EB
:10A1A000657373696F6E204B65790D0A00000000BE
:10A1B00041542B4150504B45593A20476574206F0C
:10A1C000722053657420746865204170706C6963F7
:10A1D0006174696F6E204B65790D0A002B54524CE7
:10A1E000524100002B54544C524100002B53454E19
:10A1F000444200002B524543564200002B46434444
:10A20000000000002B4E574B494400002B53454E95
:10A21000440000002B54544F4E4500002B544F4631
:10A22000460000002B434552544946002B54434FEF
:10A230004E4600002B525353490000002B545253FA
:10A24000534900002B444555490000002B41505014
:10A25000455549002B4A4E31444C00002B52583191
:10A26000444C00002B4A4E32444C00002B525832D2
:10A27000444C00002B43464D000000002B4E4A4D3D
:10A28000000000002B504E4D000000002B4A4F49AB
:10A290004E0000002B545850000000002B52583242
:10A2A000465100002B4452002B52583244520000B9
:10A2B0002B414452000000002B4441444452000012
:10A2C0002B564552000000002B534E520000000058
:10A2D0002B444353000000002B4346530000000072
:10A2E0002B4E4A53000000002B434C4153530000B7
:10A2F0002B424154000000002B4643550000000053
:10A300002B524543560000002B4150504B455900FD
:10A310002B4E574B534B4559000000002B415050DA
:10A32000534B4559000000005A00000030313233D1
:10A330003435363738394142434445464748494A1F
:10A340004B4C4D4E4F505152535455565758595AE5
:10A35000000000003031323334353637383961622D
:10A36000636465666768696A6B6C6D6E6F70717245
:10A37000737475767778797A000000009CA30008E2
:10A3800000000020C80100009008000824A4000874
:10A39000C801002058110000FC6D00088113155001
:10A3A00014087152140849531B08FD0413515442F8
:10A3B00008041280841E22013A0A06A1134C053AB1
:10A3C000201BF90108111E2B7E151628AED2A6AB54
:10A3D000F7158809CF4F3C103162021389141B080E
:10A3E000ED041AD90413932B1B0885047975120107
:10A3F000140154A31B082C049184240140236403FA
:10A40000720E320CEA04C1690AB9C6091222013A75
:10A410000A2149549A6416A90C8BE8030C0A150A00
:04A4200024A9580013
:04000005080000C12E
:00000001FF
