:020000040800F2
:1000000020140020D90000082540000871330008A2
:1000100000000000000000000000000000000000E0
:10002000000000000000000000000000375D000834
:100030000000000000000000B14A0008B97200088A
:10004000EB000008EB00000893510008EB000008EB
:10005000EB000008FD0C00080D0D00081D0D000848
:10006000EB000008EB000008EB000008EB000008C4
:10007000EB000008EB000008EB000008EB000008B4
:10008000EB000008EB000008EB0000080000000097
:10009000EB000008EB000008EB000008EB00000894
:1000A000EB000008EB000008EB000008EB00000884
:1000B00047790008EB000008EB000008EB0000089F
:1000C0000448854600F098FB004800473D89000839
:1000D000C046C0462014002004488047044800471A
:1000E000FEE7FEE7FEE7FEE7FEE7FEE74D730008EA
:1000F000C100000830B50B46014600202022012433
:1001000009E00D46D5409D4205D31D469540491B4B
:100110002546954040191546521E002DF1DC30BD94
:1001200070B500242546002801DA01244042002948
:1001300001DA01254942FFF7DDFFAC4200D0404221
:10014000002C00D0494270BDF0B51FB40646002017
:1001500082B005464024019100901BE0019922469F
:100160000F46304600F052FA049A059B801A9941D6
:1001700010D310461946224600F038FA361A8F413D
:100180000197224601200021009F00F02FFA381825
:100190004D4100902046641E0028DFDC019B009842
:1001A0002946324607B0F0BD03460B439B0703D0F8
:1001B00009E008C9121F08C0042AFAD203E00B782C
:1001C0000370401C491C521EF9D27047D2B201E0A4
:1001D0000270401C491EFBD270470022F6E710B5A2
:1001E00013460A4604461946FFF7F0FF204610BDA5
:1001F000F0B507460846584087B0C00F0490480045
:100200000E46590040084908BC1A884105D23846B4
:1002100031461E4617460B4602465800400810431A
:100220004DD0300D039040055900400D490D05900B
:10023000401A0290402873DA18030121000B0905C7
:100240000843019004980092002806D01146019AB4
:1002500049420020904100910190029840210A1AE1
:100260000199009800F0C2F905460C466B4607CB91
:1002700000F0DDF9C0197141039A0E0D0023D71764
:1002800056401A467A40164344D0049A002A2DD08C
:10029000029A012A039A15DC1205C01A914101261F
:1002A0003605001C7141D20F059ED20700930192C2
:1002B00002962A46234600F0DAF907B0F0BD384628
:1002C0003146FAE71605234A0F46B218C01AB7415D
:1002D00001210905001C4F4100187F4111461818E3
:1002E0007941E20F10436D19644113E0E2076D0894
:1002F00015436408C2071443039A01261205C01A65
:1003000091413605001C7141CE0740083043490831
:10031000C01851412A46234600F09CF9CDE7FFE77B
:10032000049801224000C117121A00238B4104983F
:100330003146C417381AA141EEE730B40124E4076E
:10034000634030BC54E730B40124E407614030BC62
:100350004EE700000000E0FFF0B51FB488B00B9935
:100360000998002448400999C00F4900490809919B
:10037000C0070B990090490049080B91099908980A
:10038000A64608431CD00B990A98084318D0099830
:1003900001244000420D4800410D09982405000346
:1003A000000B204309900B980003000B20430B9097
:1003B00050181C494018002201901446104605E0D0
:1003C000002001460DB0F0BD032801DA034600E02D
:1003D00003239C46C11A0AAE0AE05F0008ADED5B3C
:1003E0004F00F75B7D430027AA187C41491C5B1E28
:1003F0006145F2DD410004AB5A522104120C0A435C
:10040000240C401C0828DFDB0198029000997046FC
:1004100001910090059B049A0799069800F027F92E
:10042000D0E700000DFCFFFFF0B50C465C4085B046
:10043000E40FE40703944C00002664085900944636
:10044000490802460296224321D062460A431ED042
:100450006200570D4A000E032303550D0124024686
:100460002C492405781B1B0B360B401823432643CD
:10047000614600901C46501AB44103D30098401CBA
:10048000009002E0921800985B41002803DA0020F7
:10049000014605B0F0BD002001210905074686464A
:1004A00011E064461D46141BB54106D36546521B38
:1004B000B341744607430C43A646CD07400849089C
:1004C000284392185B4105460D43EAD11046184374
:1004D00013D06046194650407140084306D060462C
:1004E000101AB34106D20122002306E000220123A4
:1004F000DB0702E00122D243531000987446010545
:10050000381C6141029C039D0019694100F0A2F86A
:10051000BFE70000FD03000070B54B005B0803431C
:100520000BD04B005C0D002633466542B341D41717
:10053000AD1AA34102DB0020014670BD1205301840
:10054000514170BD0EB5C217C10F5040CA074018C7
:100550000021054B0293019200910A460B4600F0E0
:1005600086F803B000BD0000330400000EB5054955
:100570000291002100910A460B46019100F077F8A4
:1005800003B000BD330400004A0009030123090B36
:100590001B051943094B10B5520D9A4201DA002090
:1005A00010BD064B34339A4203DC9A1A00F02EF841
:1005B00010BD03495118884010BD0000FF03000022
:1005C000CDFBFFFF10B5002904DB0124E407404206
:1005D0008C412146002B04DB1C460123DB075242E1
:1005E000A341994200D1904210BD000010B5202ACD
:1005F00004DB0146203A9140002010BD91402023A9
:100600009C1A0346E3401943904010BD10B5202AC0
:1006100004DB0846203AD040002110BD0B46D340F1
:10062000D0402024A21A91400843194610BD10B5AD
:10063000202A06DBCB170846203A1041C1170B438E
:1006400006E00B461341D0402024A21A91400843F3
:10065000194610BD10B5002B08DA0024401C61417A
:1006600092185B411A4301D14008400010BDF0B51B
:100670001FB482B005460C0003D0084607F0E8F925
:1006800002E007F0E5F920300246009021462846B6
:10069000FFF7ACFF049B059A04460F46184311432D
:1006A000084314D0184610431BD0009840210A1A62
:1006B00018460599FFF7AAFF05460E46009A0599C8
:1006C0000498FFF793FF084305D0012004E020467B
:1006D000394607B0F0BD0020C11705430E432C4337
:1006E000374300990E986305401A7905E40A002201
:1006F0000C43FD0A0A3002D500200146E9E7010556
:10070000101969410C9C0D9D00196941FFF7A2FF6A
:10071000DFE70000F8B50546480040080C462843CE
:1007200004D06000184A400D904201DD2846F8BD13
:1007300015493539884210DC88420BDB290D20032E
:1007400008432903014305D0E00F1049C0074118B1
:100750000020F8BD00200146F8BD161A4020821B7B
:1007600028462146FFF742FF0746009128462146CA
:100770003246FFF74BFF3A46009BFFF76BFF3246CE
:10078000FFF734FFF8BD0000330400000000F03F25
:100790004A0009030123090B1B0519430A4B10B535
:1007A000520D9A4202DA0020014610BD064B343346
:1007B0009A4203DC9A1AFFF729FF10BD034BD218A7
:1007C000FFF714FF10BD0000FF030000CDFBFFFF8B
:1007D00010B5002904DB0124E40740428C41214686
:1007E000002B04DB1C460123DB075242A3418B4252
:1007F00000D1824210BD0000064C0125064E05E0E6
:10080000E36807CC2B430C3C98471034B442F7D331
:10081000FFF75AFC689400088894000870B58C189B
:100820000578401C6B075B0F01D10378401C2A112F
:1008300006D10278401C03E006780E70401C491C6B
:100840005B1EF9D12B0705D40023521E0DD40B706B
:10085000491CFAE70378401CCB1A921C03E01D7870
:100860000D70491C5B1C521EF9D5A142D8D3002043
:1008700070BD000038B50446064805490068FFF71A
:1008800039FC604300E0401E00900028FBD138BDD9
:1008900040420F0030000020F8B50446006881682F
:1008A0008907890F012902D10168C90722D181680E
:1008B000114A10261140012500290ED181682943D3
:1008C00081600120FFF7D6FF00F08AFD07460CE0AB
:1008D00000F086FDC01B0A2807D9A06D3043A06533
:1008E000E06D2843E0650120F8BD20680068C04342
:1008F000C007EDD10020F8BD17000080F0B589B029
:100900000C46074610220021684608F057F8224698
:10091000243269460846049207F043FD6846007891
:1009200087250006694600280FDA00228E18885CA9
:1009300076784300F60933438B54521C0F2AF5DBBB
:10094000C87B0A46400068400DE000228E18885C93
:1009500076784300F60933438B54521C0F2AF5DB9B
:10096000C87B0A464000D0732068102812D008784F
:10097000000619D500228E18885C76784300F609A7
:1009800033438B54521C0F2AF5DBC87B0A464000C8
:10099000684017E000202218137D0D5C401C6B405E
:1009A00013751028F7DB24E000200B180A5C5B7835
:1009B0005200DB091A430A54401C0F28F5DBC87BA0
:1009C0000A464000D0732246256880231432AB5477
:1009D000002300E083542068401C20601028F9D3D5
:1009E00000202218137D0D5C401C6B4013751028ED
:1009F000F7DB002021180A790B7D401C5A400A7150
:100A00001028F7DB1022211D05A807F0BFFF39468B
:100A100005A8049A07F0C5FC10220021684607F0DB
:100A2000CDFF09B0F0BD10B5044610220021001D15
:100A300007F0C4FF0020014620602046F022243049
:100A400007F0BCFF10BD0B46024610B52432102142
:100A5000184607F0D1FC10BDF0B504460F462146FC
:100A600089B00068143100911031154607910028B3
:100A70003CD010210E1AAE4200D316460099B2B2F5
:100A80004018394607F082FF20688019206010283E
:100A900034D3B54232D0002021180A790B7D401C96
:100AA0005A400A711028F7DB211D201D079A07F014
:100AB00078FCBF19AD1B19E0002021180A793B5CB6
:100AC000401C5A400A711028F7DB1022211D02A891
:100AD00007F05CFF02A90846079A07F062FC1022A3
:100AE00002A9201D07F052FF103D1037102DE3D84A
:100AF000AAB23946009807F049FF256009B0F0BD59
:100B0000F7B523490F22497A214B511ACDB2197AF0
:100B10005B7A0F26F31A0A46DEB2871E491C0124AF
:100B2000C9B2761E3B0006F0C2FF09060C060C1285
:100B30000C06062B3000164BAA4224D2154CA054AA
:100B400003E0134BB24215DB1DE019720DE0104EAD
:100B5000AD1EAA4217DA0F4B985401985854491CFD
:100B6000C8B202991954401C30720024084801216F
:100B7000C17108E0074CA05401986054491CE4E797
:100B8000034BAA42F6D32046FEBD0220FEBD000064
:100B9000A00000204909002010B5054A4100515A23
:100BA000044A80001058002200F014FC10BD000020
:100BB000848F00080000002010B5054A4100515AFA
:100BC000044A80001058012200F004FC10BD00000F
:100BD000848F000800000020704730B503460020D5
:100BE0000246012507E02C4694409C4301D1401C5D
:100BF000C0B2521CD2B28A42F5D330BDFFB500203C
:100C000085B00090054606460190002477000698BE
:100C1000C15B0120A04001422BD028190C21039078
:100C2000484307990958002923D0079941180820FB
:100C300002910856021100070117059840B204F00E
:100C40008BFB002815D002980C21407A4843089964
:100C500040188068002804D00198401CC0B2019060
:100C600007E0009A0E99039888540098401CC0B27F
:100C70000090641CE4B2102CC9D31035761CEDB280
:100C8000F6B2482DC1D30F9901980870009809B0A9
:100C9000F0BD000030B587B014216846FFF79DFA1B
:100CA000032001900020029003204003104C00908C
:100CB000E06A01210843E062E06A084005900520EF
:100CC0006946000700F0C4FAE06A40084000E062AC
:100CD000606B0125AD052843606300F091FA00F0D8
:100CE0009FFA00F095FA606BA843606307B030BDCF
:100CF0000010024010B502F095F810BD10B50120AB
:100D000000F09AFA022000F097FA10BD10B5042006
:100D100000F092FA082000F08FFA10BD10B51020F4
:100D200000F08AFA202000F087FA402000F084FAD0
:100D3000802000F081FAFF20013000F07DFA0120D0
:100D4000400200F079FA0120800200F075FA0120DB
:100D5000C00200F071FA0120000300F06DFA0120DA
:100D6000400300F069FA0120800300F065FA0120D9
:100D7000C00300F061FA10BDFEE70146002004291F
:100D800000DD02207047000010B5094A0021CB00A9
:100D9000D458844207D89B189B68834203D9C80063
:100DA0008018007910BD491CC9B21529EFD3FEE7A0
:100DB00020900008F8B5054604464035287D0026F9
:100DC000012808D001202875206881688907890FCB
:100DD00001290ED101E00220F8BD0168C90708D041
:100DE000A06D20210843A06501260020287530460B
:100DF000F8BDA16DFF220132914302221143A1658A
:100E0000C1688907890F0091C16889088900C1609C
:100E10002068816892071143816000F0E1FA07467B
:100E20000EE000F0DDFAC01B0A2809D9A06D0221EE
:100E3000884310210843A065002028750120F8BDD3
:100E4000206880680028ECDB2068C168009A1143A4
:100E5000C160A06D80088000401CA065C5E700004F
:100E6000F8B506460D464036317D01290DD00121E9
:100E7000317501688A68520709D5816D20221143B6
:100E80008165002030750120F8BD0220F8BD204B9F
:100E90006A68D80547109A421E4C8A6A2B681BD094
:100EA0005B035B0B1A438A622968490305D5A16875
:100EB0000143A1600A20FFF7DDFC2868800302D50A
:100EC000A0683843A0602868C0031DD5A068012130
:100ED00009060843A06017E05B035B0B9A438A6234
:100EE0002968490302D5A1688143A160286880036D
:100EF00002D5A068B843A0602868C00304D5A168E3
:100F0000012000068143A16000203075F8BD00007B
:100F100001100000002701400068006C70470000CD
:100F200070B5040006D0A06D264600254036002886
:100F300002D006E0012070BDE5653575204600F061
:100F4000D1F8A06DC00603D421688868400705D594
:100F5000A06D10210843A0653575EBE7A06DFF2259
:100F60000132904302221043A06588688207920FE5
:100F70005A48012A02D10A68D2072BD1032362689A
:100F80009B079A4205D05B429A4202D05B009A428C
:100F900009D10A69920092080A6121680A696368A6
:100FA0001A430A610CE00A69920092080A6181689A
:100FB0000F229204914381608168626811438160CD
:100FC0002168CA6818239A43CA602168CA68A3685E
:100FD0001A43CA6081680122520691438160816888
:100FE000228F52061143816020688168C90004D4B1
:100FF000816801221207114381602068C168384A64
:101000001140C1602169E068022923D00021084312
:10101000216A226B4903520011430843616B084364
:10102000A16989030843E169C90308432168CA68C3
:101030001043C860A06A0146FF39C23905D0E16A91
:1010400008432168CA681043C860606A012101280A
:1010500002D00BE00421DAE7206A002823D0A06D3B
:1010600020221043A065E06D0843E065206C012854
:1010700020681FD00169C90703D0016949084900E8
:10108000016120684169C908C9004161206841695E
:10109000E26B11434161E565A06D80088000401C52
:1010A000A065002070BD2068C26801231B041A439C
:1010B000C260DBE70269FF239B009A43026120685C
:1010C0000269636CE66C1A43A36C33431A430261F2
:1010D000206802690A430261D3E70000002701404B
:1010E0001902FEFF7047F8B50446406925464035B1
:1010F0000E4608280BD02068C068C00709D0A06D34
:1011000020210843A065002028750120F8BD08278C
:1011100000E00C2700F064F9009011E0701C0FD083
:10112000002E05D000F05CF90099401AB04207D9B2
:10113000A06D04210843A065002028750320F8BD98
:10114000206800683842E9D0A06D012149020843B7
:10115000A0652068C16809058A0F0C21002A1AD1F0
:10116000226A002A17D10268120714D58268530731
:101170000122002B08DB43688B434360A06D130200
:1011800098431043A06506E0A06D20231843A06596
:10119000E06D1043E065A069002801D1206801607E
:1011A0000020F8BD70B50446216800208968490711
:1011B00021D425464035297D01291CD001212975DE
:1011C000E169012904D02046FFF766FB002811D110
:1011D000A16D0A4A1140FF2201321143A16500218D
:1011E000E165297522681C21116021688A68042341
:1011F0001A438A6070BD022070BD0000FEF1FFFF3F
:101200000248416849084900416070470058014060
:1012100002484168042291434160704700580140F0
:1012200002484168022291434160704700580140E2
:1012300010B501F05DFD10BD10B504494A690242C8
:1012400002D04861FFF7F4FF10BD00000004014028
:10125000F8B500230124A7E027469F403A4070D00C
:101260004D68022D01D0122D14D1DD08AD002D18CE
:1012700000952D6A5E07AC46F50E0F26AE46AE40D1
:101280006546B543AC460E697546AE4065462E438D
:10129000009D2E624D68012D05D0022D03D0112D29
:1012A00001D0122D16D185680326AC465D00AE46EE
:1012B000AE406546B543AC46CE687546AE40654621
:1012C0002E43866046680D79BE43ED06ED0F9D40C6
:1012D0003543456006685F000325BD40AE46AE431A
:1012E0000D79B446AE07B60FBE4065462E43066084
:1012F000C6687546AE438D68BD403543C5604D68D0
:10130000ED0050D52B4D6E6B26436E639E082A4D23
:10131000B6007519AC46AD689E07360F0F27B7406B
:10132000BD4305273F07B84201D100271AE0234FEC
:10133000B84201D1012715E0214FB84202D102275E
:1013400010E030E01F4FB84201D103270AE01E4FE2
:10135000B84201D1042705E01C4FB84201D105274E
:1013600000E00627B7402F436546AF60184D2E6852
:101370004F689643FF0300D516432E606E684F6892
:101380009643BF0300D516436E60AE684F68964320
:10139000FF0200D51643AE60EE684F689643BF0269
:1013A00000D51643EE605B1C0A681546DD4000D090
:1013B00052E7F8BD00100240000001400004005058
:1013C00000080050000C005000100050001C00509D
:1013D00000040140002A01D081617047816270479A
:1013E000014800687047000034000020024801688E
:1013F000491C0160704700003400002010B5064809
:101400000168022211430160032000F007F800F098
:1014100007F8002010BD00000020024000207047A7
:1014200010B50848816B02041143816300F04EF847
:1014300000F044F80448016808221143016000F0FC
:1014400035F810BD0010024000200240C106C90E50
:1014500001208840014908607047000080E200E0F8
:10146000C106C90E0120884001490860704700008C
:1014700000E100E005490968C206D20E0120904053
:10148000014201D0012070470020704700E200E0D7
:10149000C106C90E0120884001490860704700005C
:1014A00000E200E010B502F0BFFD10BD0248016887
:1014B0000215114301607047007000400248016846
:1014C00042151143016070470070004002480168F6
:1014D000102291430160704700700040094B1A6868
:1014E0009208920002431A600748026904239A4353
:1014F0000261012903D040BF20BF20BF704730BF29
:10150000704700000070004000ED00E00A4B1A68D0
:101510009208920002431A600848036904221343A8
:101520000361012906D040BF20BF20BF016991435C
:101530000161704730BFF9E70070004000ED00E046
:10154000F8B5684C074601210020C903644E654A7E
:101550004034102F73D011DC012F75D0022F70D0C2
:10156000042F6FD0082F21D1E16803231B031940FA
:1015700069D0BC026310A1427AD09EE003255A4B89
:101580002D04202F08D0402F32D0FF3F7F1E6BD07C
:1015900007263602B74209D12669246901272C4063
:1015A0003F04BC4203D1B2055AE00846F8BD012110
:1015B00049048C4203D1B107F8D54C48F8BDAC4280
:1015C000FCD111688903F9D5106803210905084089
:1015D00001210905401A09D0401A05D0884201D1DD
:1015E0004348F8BD1846F8BD4248F8BD4248F8BD2A
:1015F000E1680124A406214006D0A142F7D19168F8
:101600008907F4D53D48F8BD11688901FBD5D0683C
:10161000D16880023A4C000F245C0802810FD06828
:10162000491CC00306D41068C00601D5184602E064
:10163000304600E033486043FEF75CFDF8BD3FE014
:1016400002E01DE02AE026E0E3689B079B0F0CD038
:10165000022B0DD0012B10D0032BEFD12269920564
:10166000002AA2DBEAE703E02EE000F0E7F9E5E775
:1016700011684907E2D53046E0E700F0EFF9DDE711
:10168000E3680C252B4006D0082BF1D0042BF4D0B6
:101690000C2BE3D0D2E700F0C1F9CFE7E3680325D4
:1016A000AD022B40F7D00127FF02BB42E0D07A10F9
:1016B0009342E2D0AB42D1D0C0E79942DDD0BDE742
:1016C000916B4902E7D4B9E7E1682940E3D00123EF
:1016D0005B049942CCD05A109142CED0AEE70000C4
:1016E0000024F4000010024000093D008890000032
:1016F00020A1070040420F0080841E00006CDC0225
:10170000E090000800127A00F8B504460068664DC3
:10171000810601D400057DD5634E0027403EB06BA5
:10172000C00004D4B06B31040843B06301275F48A4
:101730000168C90511D40168821511430160FFF7E2
:101740004FFE009005E0FFF74BFE0099401A642819
:1017500044D856480068C005F5D531680320000517
:10176000626801401040884205D10323A0681B0530
:101770001840884208D09003800F032804D13068B5
:10178000800301D50120F8BD286903210904084020
:1017900029D00A40824202D02278920606D4A2685A
:1017A0000A4082421FD0208800051CD528692A697A
:1017B00088430121C9040A432A612A698A432A61AC
:1017C0002861C0050FD5FFF70BFE009008E0FFF77A
:1017D00007FE0099411A3648814201D90320F8BD1D
:1017E00028698005F3D561688803800F032805D137
:1017F00032680005824301400A43326028690322AF
:1018000061681204114008432861002F06D0B06BB4
:10181000012100E002E009078843B0632078C00797
:1018200005D0E868E168800880000843E860207817
:10183000800705D5E8680C21884321690843E860E2
:101840002078400706D5E86803218902884361694A
:101850000843E8602078000706D5E86803210903FB
:101860008843A1690843E8602088C00506D5E86878
:10187000032109048843E1690843E86020784006B1
:1018800006D5E868012189068843616A0843E86053
:101890002078000606D5E868032189048843216A78
:1018A0000843E8600020F8BD40100240007000408E
:1018B00088130000F8B5054653480E460068C00777
:1018C000C00FB0420AD2504801684908490031436C
:1018D00001600068C007C00FB0426FD128784B4C40
:1018E000800705D5E068F0218843A9680843E060D7
:1018F0002878C00752D06868022817D0032818D06B
:101900002168012818D08905002957DAE16889087B
:1019100089000143E160FFF763FD6968074602291A
:1019200012D003291CD0012926D033E02168890375
:10193000EAE721688901E7E74907E5E7FFF750FD96
:10194000C11B3348814223D8E0680007800F02287A
:10195000F4D123E0FFF744FDC11B2D48814217D885
:10196000E0680007800F0328F4D117E0FFF738FD87
:10197000C11B274881420BD8E0680007800F01286F
:10198000F4D10BE0FFF72CFDC11B2148814201D9A6
:101990000320F8BDE0680007800FF3D11A48016802
:1019A000C907C90FB1420BD9016849084900314341
:1019B00001600068C007C00FB04201D00120F8BD2F
:1019C0002878400706D5E068072109028843E968BE
:1019D0000843E0602878000707D5E0680721C902BE
:1019E00088432969C9000843E06000F037F8E168DE
:1019F000084A0906090F515CC840074908600320DE
:101A0000FFF70CFD0020F8BD00200240001002404E
:101A100088130000D09000083000002004480549D9
:101A20000068C968044A4905490F515CC8407047BD
:101A30003000002000100240E990000804480549E9
:101A40000068C968044A8904490F515CC84070475E
:101A50003000002000100240E990000810B5184A3C
:101A6000D1680C20084004280BD0082810D00C287E
:101A700010D050680004410F0120C003491C884069
:101A800010BD1068C00601D50E4810BD0E4810BD2F
:101A90000E4810BD88020E4B000F185C0902D36877
:101AA000890F491CDB0301D5084A05E01268D206FC
:101AB00001D5044A00E0044A5043FEF71BFB10BD69
:101AC0000010024000093D000024F40000127A00DA
:101AD000E0900008F8B504460078FF4DC0074CD0F0
:101AE000E8680007800F022807D0E8680007800F29
:101AF000032809D1E868C00306D5286880033CD5CF
:101B00006068002875D038E00120626800048242D5
:101B100003D129680143296011E0052301211B0439
:101B200089049A422A6802D10A432A60F1E7824373
:101B30002A602A680240009228688843286060680A
:101B400000280DD0FFF74CFC0646E44F04E0FFF7F9
:101B500047FC801BB8427DD828688003F7D50CE08D
:101B6000FFF73EFC0646DD4F04E0FFF739FC801B23
:101B7000B842F0D828688003F7D42078800741D590
:101B8000E8681F270007800F3F02012807D0E86898
:101B90000007800F032809D1E868C00306D428682D
:101BA000400717D5E068012823D113E0E06800283A
:101BB00017D029680922914301432960FFF710FCDF
:101BC000064604E0FFF70CFC801B0228C3D82868F7
:101BD0004007F7D568682169B8430902084368607F
:101BE00010E02868400840002860FFF7F9FB06462F
:101BF00005E090E0FFF7F4FB801B0228ABD82868D3
:101C00004007F7D42078C00676D5E868B44E0007C0
:101C1000800F0BD0E06900285DD02868FF210131DA
:101C200008432860FFF7DCFB074644E0286880058E
:101C300002D5E06900286ED0606A69683140884248
:101C400012D903F03FFA0028AED16868616AB04348
:101C5000084300E0E4E068606868218C0002000A44
:101C60000906084368600FE06968B1430143696091
:101C70006868218C0002000A090608436860606AEF
:101C800003F020FA00288FD1606A410B0120C003C5
:101C9000491C8840E968934A0906090F515CC8400D
:101CA000914908600320FFF7B9FB25E0FFF798FB97
:101CB000C01B02288AD828688005F7D56868616A41
:101CC000B043084368606868218C0002000A090676
:101CD0000843686010E02968FF20013081432960D3
:101CE000FFF77EFB064604E0FFF77AFB801B022825
:101CF00084D828688005F7D420787C4E000723D547
:101D000060690028306910D0012108433061FFF775
:101D100067FB074605E009E1FFF762FBC01B0228ED
:101D20007ED830698007F7D50EE04008400030616A
:101D3000FFF756FB074604E0FFF752FBC01B0228E3
:101D40006ED830698007F7D42078400761D5A86B3A
:101D50000027C00005D4A86B012109070843A86328
:101D6000012763480168C90511D401688215114330
:101D70000160FFF735FB009005E0FFF731FB0099AC
:101D8000401A64284CD85A480068C005F5D5FF2091
:101D9000A2680130824203D131690143316111E00F
:101DA00001218902002A07D005231B029A4203D190
:101DB00032690A433261EFE7326982433261306946
:101DC00088433061A06800280ED0FFF709FB00901F
:101DD00006E0FFF705FB0099411A404881421FD8F1
:101DE00030698005F5D50DE0FFF7FAFA009006E0BE
:101DF000FFF7F6FA0099411A3848814210D8306945
:101E00008005F5D4002F04D0A96B01200007814381
:101E1000A9632078800630D53649A0694A1400E0CD
:101E20007DE0002816D0AB6801200343AB606B6BEC
:101E300003436B63086A10430862FFF7D1FA064652
:101E400004E0FFF7CDFA801B022868D8A868800755
:101E5000F7D512E0A86840084000A860086A9043DF
:101E60000862FFF7BDFA064604E0FFF7B9FA801BE7
:101E7000022854D8A8688007F7D4A06A002853D055
:101E8000E9680907890F032950D001263606022880
:101E9000286805D0B0432860FFF7A2FA044640E066
:101EA000B0432860FFF79CFA074604E0FFF798FA72
:101EB000C01B022833D828688001F7D4216BE06A60
:101EC000EA680843616BFD231B049A4311430843EE
:101ED000E860286830430FE00010024088130000DB
:101EE00000E00000D09000083000002040100240C8
:101EF00000700040000001402860FFF771FA0446BE
:101F000004E0FFF76DFA001B022808D8286880015A
:101F1000F7D509E0FFF764FA001B022801D9032076
:101F2000F8BD28688001F5D40020F8BD0120F8BD77
:101F3000704730B5014620310A78012A15D00122B8
:101F40000A7002234B700468CA2363620468532337
:101F5000636203689C6820252C439C600068FF2313
:101F600043624A700020087030BD022030BD10B5B9
:101F700005F03EFA10BD000070B5044600688168A7
:101F80008025C90400290BDAC068C00508D52046A1
:101F9000FFF7EDFF2168C8682840FF388238C86025
:101FA0002068816889040BD5C068800508D5204663
:101FB000FFF7BEFF2068C168054A29408918C16043
:101FC000012004494004486101202034607070BD44
:101FD0007FFDFFFF00040140F8B5054604462035AB
:101FE000287801281DD001202870022068702268FE
:101FF000CA205062226853205062FF200130002620
:10200000FF2781421CD121688A6882438A60206848
:1020100081680122120391438160FFF7E1F900908A
:1020200009E00220F8BDFFF7DBF90099411A7D2095
:10203000C00081421BD82068C068C007F3D020E0F0
:102040002068816801225202914381602068816882
:10205000120191438160FFF7C3F900900DE0FFF793
:10206000BFF90099411A7D20C000814205D920683E
:102070004762032068702E70F8BD2068C068800732
:10208000EDD520684762012068702E700020F8BDF1
:10209000F0B50C46FF219C460131254640268F05B0
:1020A0001D4B20358A4204D161620168C869496CC0
:1020B00005E00121490261620168086A896C8202B7
:1020C000920E22704204520E62704206520EA270AC
:1020D000020C49043240490CE27061608100890EB3
:1020E0002970014639401840E1616061604600286E
:1020F0000FD1207803F01EF82070607803F01AF8F2
:102100006070A07803F016F8A070287803F012F839
:1021100028700020F0BD00008080808010B500682D
:102120000B464068C021C94301400002000ECC04A8
:10213000D870E40E5C708C06A40E0904490F9C70E4
:102140001970002A0AD102F0F5FFD870587802F011
:10215000F1FF5870987802F0EDFF9870002010BDE4
:1021600030B50B460168896A5960016809694904FC
:10217000490C9960006804680F48214601408802B4
:102180004D04800E18706D0E49065D70490E9970F1
:102190006102490E40242140D970002A0AD102F080
:1021A000C9FF1870587802F0C5FF5870987802F08F
:1021B000C1FF9870002030BD7F7F7F0070B50400A4
:1021C00005D0254620356878002802D006E0012099
:1021D00070BD00202870204600F042F80220687090
:1021E0002168CA204862216853204862204602F0D4
:1021F000B4FFFF210028206803D0416204206870EA
:10220000E5E78268154B1A4082602268906863682F
:10221000A669184323693343184390602268E06835
:1022200010612068026923891B041A430261206837
:10223000C26880239A43C2602068C26C92089200F0
:10224000C264E269606902432068C36C1A43C264D5
:102250002068416201206870002070BDBFFF8FFFC1
:1022600000B599B00420009000200A90FF200130B2
:1022700002906846FFF72EFC002801D0FEF77CFD97
:1022800020200E90C0020F900EA8FFF73DFA002804
:1022900001D0FEF771FD0848016901229204114343
:1022A0000161002211460220FFF7FCF80220FFF72F
:1022B000D7F819B000BD000040100240FEB5064638
:1022C0000446203630780B46012842D00120307079
:1022D0000220707020681D46002720358068002A83
:1022E00039D0400655D5187802F024FF287802F03E
:1022F00021FF19789878090408435978DA78090297
:10230000120411430843297809060843D969084390
:10231000596908430546996958680843009021683F
:10232000CA204862216853204862FF205A6A01305F
:10233000802182424AD12268936883439360226855
:10234000D0680840FF388238D060FFF749F8019024
:1023500029E00220FEBD400600D4DF70187802F0AC
:10236000F1FE0204587802F0EDFE00020243987874
:1023700002F0E8FE0243D87800040243287802F015
:10238000E1FE00060243D86902435869024315463C
:10239000C1E7DF70AAE7FFF723F80199411A7D2012
:1023A000C00081422AD82068C068C007F3D02068E6
:1023B000C56121680098486420688168FF22013265
:1023C0001143816020688168120130E020688268D2
:1023D00001235B029A4382602068C2680A401D495B
:1023E0005118C160FEF7FCFF01900EE0FEF7F8FF08
:1023F0000199411A7D20C000814206D92168FF2041
:102400004862032070703770FEBD2068C068800786
:10241000ECD520680562216800988864206881688E
:102420000122520211438160206881681201114328
:10243000816009480268012149040A4302608268F8
:102440000A4382602168FF20486201207070377063
:102450000020FEBD7FFDFFFF00040140F8B50546EA
:102460000446203528780B46012815D00120287015
:10247000022068705878002A10D002F05BFE98782D
:1024800002F058FED8789E780004064358781978F0
:1024900000024903084316E00220F8BDC10603D537
:1024A000EF2108400A305870D87802F04BFE06043D
:1024B000587802F047FE00020643987802F042FE88
:1024C00006431878400306432168CA204862216801
:1024D00053204862204602F040FE0027002811D118
:1024E00010480640206846602068C16880229143F9
:1024F000C1602068806880060CD4204600F08CF80B
:10250000002807D02168FF204862042068702F70DF
:102510000120F8BD2168FF204862012068702F70FB
:102520000020F8BD3FFFFF00F8B506460446203600
:1025300030780D4601280ED00120307002207070D6
:10254000206800278068002A07D040061AD528781E
:1025500002F0F0FD17E00220F8BD400600D4EF7055
:10256000287802F0EFFD0204687802F0EBFD00022B
:102570000243A87802F0E6FD0243E8780004024333
:1025800000920BE0EF702978A87809040843697875
:10259000EA78090212041143084300902168CA2016
:1025A0004862216853204862204602F0D6FD002888
:1025B0001FD1184900980840216808602068816888
:1025C00001229204914381602969E86808432168E7
:1025D0008A68104388602068C16880229143C16086
:1025E0002068806880060CD4204600F015F800288A
:1025F00007D02168FF2048620420707037700120E6
:10260000F8BD2168FF2048620120707037700020FB
:10261000F8BD00007F7F7F0070B504460068C16888
:10262000A0229143C160FEF7DBFE7D260546F60041
:1026300006E0FEF7D5FE401BB04201D9032070BD75
:102640002068C0688006F4D5002070BD70B5040015
:1026500006D025464035687C0026002802D005E0DB
:10266000012070BD2E74204600F032F802206874FC
:1026700020680168402291430160A1686068226976
:102680000843E16811430843616901220843A169D5
:10269000520211400843E1690843216A0843A16AD4
:1026A000084321680860A0690421000C0840616AA1
:1026B0000843216848602168E06A08612068C169B0
:1026C00092009143C161666501206874002070BD6D
:1026D0007047F8B50446002768460780264640360E
:1026E000707C012802D0707C22287ED100290CD079
:1026F000002A0AD0002B08D0307C012875D0012098
:102700003074707C012802D003E00120F8BD322033
:1027100070746765A263A387E3872163A386E3865A
:10272000A764E7640125A06A6D03A84207D1206869
:102730000168A9430160206801682943016020689D
:102740000168490603D40168402211430160012158
:10275000FF20E268C90205308A42616866D100291B
:1027600004D081420CD1E08E012809D1206B216870
:102770000088C860206B801C2063E08E401EE086CD
:10278000E08E002843D1A06AA84246D120680168A3
:1027900001221203114301603FE02068C068A16B71
:1027A0000880A06B801CA063B0E0002202212046BC
:1027B000069B03F067FA00287DD1206B2168008812
:1027C000C860206B801C2063E08E401EE086E08E97
:1027D000002808D1A06AA84205D12068016801221A
:1027E000120311430160002200E0CCE001212046E9
:1027F000069B03F047FA00287FD12068C068A16BD0
:102800000880A06B801CA063E08F401EE087E08EF4
:102810000028CAD1606800287BD10022012120460F
:10282000069B03F02FFA002867D1B6E7002904D0F1
:1028300081420BD1E08E012808D1206B411C21631D
:1028400021680078C860E08E401EE086E08E002897
:1028500045D1A06AA84205D120680168012212036F
:1028600011430160002201212046069B03F00AFA71
:10287000002842D12068C068A16B087046E00022A1
:1028800002212046069B03F0FDF9002835D1206B7C
:10289000411C216321680078C860E08E401EE086FC
:1028A000E08E00280AD1A06AA84207D120680268F9
:1028B0000121090300E020E00A4302600022012117
:1028C0002046069B03F0DEF9002816D12068C26876
:1028D000A06B411CA1630270E08F401EE087E08E78
:1028E0000028CCD16068002813D1002201212046A5
:1028F000069B03F0C7F9002802D00320F8BD08E0CA
:102900002068C168A06B421CA2630170E08F401E6A
:10291000E087A06AA8420FD1002201212046069B31
:1029200003F0B0F9002802D0606D02210EE02068AB
:10293000C068694608800888012280212046069BDD
:1029400003F0A0F9002804D0606D202108436065E1
:10295000D3E701207074A06AA84211D12068816871
:10296000C943C9060CD4616D022211436165016837
:10297000A943016020680168294301603774C4E6F7
:1029800037740020BAE70220B8E770B5040005D01C
:1029900025466035687A002802D006E0012070BD27
:1029A00000202872204600F027F824206872206852
:1029B0000168490849000160606A002802D0204689
:1029C00004F0E2FD204604F075FE0128E7D02068FF
:1029D00041680922D20291434160206881682A221D
:1029E0009143816020680168012211430160204603
:1029F00004F030FE70BD000010B50448816B012268
:102A000052041143816306F0E5F910BD0010024045
:102A1000FFB5064604466036707A83B00D4620281E
:102A200058D1002D0CD00598002809D00120A168AC
:102A30000003814207D12069002804D1E80702D0B1
:102A4000012007B0F0BD307A012843D00120307258
:102A50000020E06621207072FEF7C2FC019027463C
:102A60004037059838820598788218E0788A401EA9
:102A7000788206980090002280212046019B04F075
:102A800031FF002818D10120A1680003814202D142
:102A90002069002812D02168287888626D1C788A05
:102AA0000028E3D106980090002240212046019B97
:102AB00004F018FF002808D00320C2E72888216806
:102AC000C005C00D8862AD1CE9E7202070720020AF
:102AD0003072B6E70220B4E710B512480178002939
:102AE0001ED10122027011480F49016000210164CA
:102AF000C161D3078161436082638160C16001620B
:102B000007234162C3630261C1620422426101631F
:102B10000748416B4215114341630448FEF700FA30
:102B200010BD00006000002000240140DC030020F4
:102B3000001002407CB51E49064609780020002995
:102B400034D01C484168C9430907FBD41A4C606B58
:102B500065152843606300211848FEF72BF91848D3
:102B600000901848019069461448FEF779F9A014BE
:102B70000190694600961148FEF772F90F48FEF77A
:102B800011FB0021C9430D48FEF7ADFA0B48FEF7D3
:102B9000C3F90A4980B20A689368022633439360F6
:102BA000096803220A60616BA94361637CBD000070
:102BB000600000200070004000100240DC03002094
:102BC000FFFF07000110000010B501210020FEF7F3
:102BD00085FC10BD10B5EFF3108472B600F05CFBFD
:102BE00008484068804706F0CBF80748016804228F
:102BF0001143016084F3108801210846FEF786FC2A
:102C000010BD0000888F00080070004010B5EFF381
:102C1000108472B6114801680122114301600168F5
:102C20004907FCD5016801221206114301600168C1
:102C30008901FCD5C16803221143C160C16809073D
:102C4000890F0329FAD100F063FB0548006880472B
:102C500006F0C0F884F3108810BD00000010024098
:102C6000888F0008014600200A0A00D00820084A80
:102C7000114201D004221043064A114201D002221F
:102C80001043054A114201D001210843704700005A
:102C9000F0F00000CCCC0000AAAA000038B50B234D
:102CA0001B07C518114B0FD01C152D1B18D02D1B41
:102CB00019D0A542DD6A05D108242543DD62DB6A0F
:102CC000234007E08024F8E7DC6A01252C43DC621E
:102CD000DB6A2B40009311601146FEF7B9FA38BD4C
:102CE000DD6A0224E9E7DD6A0424E6E70010024019
:102CF00010B5FFF7B7FF810002484058002800D008
:102D0000804710BDDC02002070B51C4615460E46FB
:102D10000846FFF7A7FF002C0DD0074980000C5094
:102D2000304601F089F8044600222946FEF7BAFB36
:102D30002046FEF795FB70BDDC02002010B5D2B234
:102D4000FEF748FB10BD000070B500240E48FFF7E9
:102D5000F1FE0E4E0E4D010013D00E483246008B90
:102D60005043FDF7C7F9B04201D9FE2409E0A8425B
:102D700007D3401BFE2148434B210901FDF7BAF957
:102D8000C4B2204670BD000000000244B80B000031
:102D9000080700006000F81F03494A690869496A8A
:102DA00050404840704700004000F81F0F494B6AF0
:102DB0000A69D218120EC2714B6A0A69D218120C33
:102DC00082710A8A8B8CD218120A42710A7C8B8C0F
:102DD000D21802714A69120EC2704A69120C8270CE
:102DE0008A8A120A4270097D017070474000F81FFC
:102DF00010B50A4C607800280ED1FFF76DFE084828
:102E00000068804700F006FA00F090F805F096FFA1
:102E1000FDF7E2FE0120607010BD000060000020A0
:102E2000888F000870B5410EC0017D220023FDF798
:102E30008BF9054600F072F8044600E000BF00F090
:102E40006DF8001BA842F9D370BD000070B50546AF
:102E50000C4600222048FFF783F9002229461E482D
:102E60006668FFF75BF9002221461B48FFF778F9F7
:102E70006068B042F1D1E878184A01465043C01C5E
:102E80008308880726D0164968783D2206465043B5
:102E900002463C3A7000801EC1408807D10F891855
:102EA000800F4910081AC018A978401E08180D494B
:102EB0003C2248436178E123514322781B015A4365
:102EC0008918A27810180818074A61688002511AF8
:102ED000401870BD0549D7E71C030020B505000068
:102EE000A0AA990080510100FF0300005055440042
:102EF0000320704701480068704700006803002005
:102F000000B587B0694605A8FFF7A0FF0249096828
:102F100007B0401A00BD00006803002000B587B06C
:102F2000694605A8FFF792FF07B000BD10B5084C31
:102F3000207800280AD100F03BF8FF210131054834
:102F4000FFF74AF800F064F80120207010BD00007F
:102F5000380000201C03002010B5012000F048FFBD
:102F60000148FFF709F810BD1C03002070B50446A6
:102F7000FFF7C6FF211A0D4D0220285EC01C8142BA
:102F800003D9012000F034FF02E0012000F024FF0B
:102F900000F03AFF002805D1012000F029FF0220AF
:102FA000285E241A204600F03FF870BD380000204B
:102FB00010B51449144886B0002412C01F210160C6
:102FC000846004611149446141600838FFF7F6F8F4
:102FD0006946CC750120487588750875002205A9D9
:102FE0000948FFF73BFA00940194049400226946D3
:102FF00005480394FFF798FA0348FEF79AFF06B0D6
:1030000010BD0000002800401C030020FF0300004A
:1030100010B5044C2046211D1830FFF717FF206023
:1030200010BD000068030020F0B587B004461422EC
:103030003F4901A8FDF7B8F83D485038406E009070
:1030400000F07EF83B4802993B4A401AA105890DE1
:10305000081887B2A10A68468078534202E08918AE
:10306000401C80B29942FAD26A461579E1221201D7
:1030700002E0891A6D1CADB29142FAD26A465479C7
:1030800002E0641CA4B23C393C29FAD2927951186E
:103090008EB20121890203E07A1A761C97B2B6B289
:1030A0008F42F9D203E03C3E641CB6B2A4B23C2E7F
:1030B000F9D203E03C3C6D1CA4B2ADB23C2CF9D279
:1030C00003E0183D401CADB280B2182DF9D269461C
:1030D000C978890769464A7827D01849491E515C42
:1030E000814202D2FDF706F808461249CA1B104970
:1030F0002C394A60052252068A618E704C700A464D
:103100000D70203210706846C079C8700020C86108
:10311000FF2248610132C8604A62086102460846DF
:103120002438FFF7CBF807B0F0BD04490C31D5E7E0
:103130006C030020FF03000080AEFEFFF19000084A
:1031400010B506480168C86880221040FF388238F0
:10315000C86051000148FEF73FFF10BD1C0300206E
:1031600010B57D2104F08BFC4906C009084310BD51
:1031700010B5410EC0017D220023FCF7E5FF10BD14
:1031800030B5194C87B0607800282BD10220FEF7AB
:1031900071F9012826D16070694605A8FFF756FE2F
:1031A00012490546FF220846002301322438FEF763
:1031B0006FFF0E48182301462031097802785943E1
:1031C00051183C225143427889183C22514382785D
:1031D00080888918064A8902101A0918681A6188B5
:1031E0000818608007B030BD380000204003002080
:1031F000FF03000001B582B00020C043009001230E
:1032000001AA02A90248FFF764FA684680880EBD49
:103210008403002010B51C481A4901601C4A1B4B4E
:103220000021126803E05208491C072901D29A4282
:10323000F9D84A078B07D20FDB0F52011B011A4343
:10324000C90700D008210A43C261002181600161E1
:103250004161FF22C1600532816242600122016248
:103260005202826141620B48416B821411434163F7
:103270000548FFF7EBF9002801D0FDF77DFD00F0D0
:1032800047F810BD0030014084030020809698006C
:10329000300000200010024070B586B0142168464E
:1032A000FCF79BFF05260125022436076A4680218C
:1032B000304601950294FFF7F1FC00228021304650
:1032C000FFF73CFD6A46402130460294FFF7E6FCDA
:1032D000002240213046FFF731FD6A46202130466A
:1032E0000294FFF7DBFC002220213046FFF726FD89
:1032F000064C6A46402120460295FFF7CFFC01228A
:1033000040212046FFF71AFD06B070BD00040050B2
:1033100010B586B014216846FCF75FFF02200190CB
:1033200002900320039000200524240704906A469D
:1033300020212046FFF7B2FC6A4640212046FFF7D5
:10334000ADFC6A4680212046FFF7A8FC0120074C0F
:10335000019002906A4640212046FFF79FFC01221F
:1033600040212046FFF7EAFC06B010BD00040050E3
:1033700000BFFDE710B513460446042902D0083902
:10338000052903D8022C0BDC022409E004220021C9
:10339000184601F0A2FF322802D2052C00DC0524D9
:1033A000204610BDF8B5174605460A461B48069C40
:1033B000089E0799447183711C0AC4711C0C047225
:1033C0001B0E437281720B0AC3720B0C0373090E3E
:1033D0004173D4B2C4731248FDF725FB3946104837
:1033E000FDF731FB10220D490D48FDF735FB224654
:1033F00029460B48FDF730FB0949C81FFD38FDF78A
:103400007DFA0848C2780178120611438278407824
:1034100012040002024311433160F8BD080100208C
:10342000840B0020800A0020FEB50F4605001646DA
:103430007ED028680028FBD068680028F8D0A868EB
:103440000028F5D0104601F0A6FF002871D06F4C7F
:103450000021E765A5652246267417321170617454
:103460002163A175E1742165616508216A461170C7
:103470003046694601F081FF0198002800D0012004
:1034800020750521684601706946207C01F075FFB2
:103490005F4D019828700321684601706946207CC1
:1034A00001F06BFF01986870092168460170694658
:1034B000207C01F062FF019868600A216846017073
:1034C0006946207C01F059FF0198A8600B216846ED
:1034D00001706946207C01F050FF0198E8600C21E2
:1034E000684601706946207C01F047FF0198286119
:1034F0000D21684601706946207C01F03EFF01986D
:1035000068611021684601706946207C01F035FF32
:10351000019868761121684601706946207C01F0A7
:103520002CFF0198E861122168460170694601E0AC
:1035300067E068E0207C01F020FF2E4620360198ED
:1035400030701721684601706946207C01F015FF34
:10355000019830711821684601706946207C01F09D
:103560000CFF019870711921684601706946207C32
:1035700001F003FF0198B07101262E760021207C16
:1035800001F002FF02F02CFB28462249283003F00C
:1035900019FF7D212846C900283003F07BFF28460B
:1035A0001D49583003F00EFF28461C496C3003F0CB
:1035B00009FF28461A49803003F004FF28461949BC
:1035C000943003F0FFFE294617483C310860174845
:1035D000886017480861174848601748174DC86049
:1035E0000B48A9683C308847E064E869804705F0EB
:1035F0009FFBA674304603F023FE686B80470020D3
:10360000FEBD0320FEBD0B20FEBD0000A00000207B
:1036100090090020A5400008D9490008F948000891
:10362000514900086D400008BD470008B942000834
:103630002D470008BD48000875470008888F00081E
:10364000F8B506461C4617460D460F48FDF7EBF940
:1036500039460D48FDF7F7F9EAB231460A48FDF759
:10366000FBF90949C81FFD38FDF748F90748C2783A
:103670000178120611438278407812040002024356
:1036800011432160F8BD0000840B0020800A002057
:10369000FFB585B00F46044607ADF02200211D4856
:1036A0000E9E05F08BF91B4A1021204604F0A4FE63
:1036B00010220021684605F081F901216846017059
:1036C000062239466C46401C05F060F90222294664
:1036D000E01D05F05BF90F4A6846089904F061FEA9
:1036E00010220021684605F069F902216846017040
:1036F00006223946601C05F049F902222946E01DE0
:1037000005F044F9034A3146684604F04AFE09B020
:10371000F0BD0000900A0020F8B517460E46054699
:103720001C46F02200210B4805F048F9094A1021F7
:10373000384604F061FE074A2146284604F031FE6F
:10374000102E06D321462846024A1031103004F0CC
:1037500028FEF8BD900A0020FEB50446002002268F
:103760000190002C5FD03548016BCA0701D1C80613
:1037700001D50120FEBD00206946087001461422D3
:103780002F4805F01BF92E480125457020780028A8
:1037900004D001280AD0032843D118E027486946FD
:1037A00005730878C006C00E403008E02348457312
:1037B000E17B017369460878C006C00E803008704E
:1037C000207901900E20A6892056A7680BE01B489F
:1037D000694605730878E0210843694608700A20A5
:1037E0002689205667681549097900290ED169464E
:1037F00008721248022202A9007C02F0E6F90028B1
:1038000011D00F496846007AE839487033463A4685
:103810006846019903F076FC060006D007490020AF
:1038200048713046FEBD0320FEBD05482178017079
:1038300002481730017829430170F2E7A000002008
:10384000500A0020FEB500250446002816D0304955
:1038500027782E480E462836027C3B0004F027F9D4
:103860001A10121517191C1E21232527302E383A3D
:103870003C3E404244464A484C4E50520320FEBD16
:10388000407C00E0C07820713DE00079FBE7406CAF
:1038900000E0806C606036E01E48FBE71D48103099
:1038A000F8E7807CEFE7C07CEDE7162009E01849D7
:1038B0003C39886DC96DA160606024E0142000E08F
:1038C000132069460870104601F057FD0198E1E7A2
:1038D000087ED8E74868DDE78868DBE7C868D9E78D
:1038E0000869D7E74869D5E77078CCE74878CAE730
:1038F0003078C8E70878C6E7406ACBE7806AC9E74E
:10390000006AC7E702252846FEBD0000A00000208F
:10391000680900202C060020FEB50024002805D0F0
:1039200061490A8ED20703D00120FEBD0320FEBDEF
:103930005D4B07781E7C00225C4D3B0004F0B7F81D
:10394000190E1F2225282B313A3FB1424F495A60A8
:103950006366696C6F7F9B8CABAEB1000079487475
:10396000002804D0012805D0022803D103E05048E4
:10397000406B804796E04A7100F0EAFF92E00079E0
:10398000C8708FE0007908718CE04068486489E075
:103990004068886486E0416800297AD01022454852
:1039A00005E04168002974D042481022103004F02C
:1039B000EDFF77E00079887403F042FC72E0007953
:1039C000C8746FE0394982683C394068CA658865C7
:1039D00068E04068019001206946087203E0406891
:1039E00001906846027201A9304601F01BFC0028D4
:1039F0004FD057E00079411E0E294AD8287651E071
:103A0000406868604EE04068A8604BE04068E8604D
:103A100048E04068286145E04068686142E001791B
:103A20006846017003226946304602F0CEF800284D
:103A30002FD0684601781D482830417032E0007967
:103A4000694608700222304602F0BFF8002820D0F4
:103A500068460078687025E000796946087005229C
:103A6000304602F0B2F8002813D0684601780F48BB
:103A70002830017016E0007969460870042230464B
:103A800002F0A3F8002804D068460078287009E006
:103A9000FFE7032406E04068486203E0406888626C
:103AA00000E002242046FEBDA0000020680900209E
:103AB000888F00082C060020F0B50446022087B04D
:103AC0000290002C31D03F4D288EC00714D10C221B
:103AD00000213D4804F072FF3B4F012078702078B0
:103AE0002E461736002804D0012856D002284CD183
:103AF0005FE0288EC00602D5012007B0F0BD6068E7
:103B0000002812D0A06800280FD0E06800280CD050
:103B1000207C002809D0694608731A2203A9287C52
:103B200002F053F8002802D009E00320E5E71B204B
:103B300069460870287C01F020FC019820743078D8
:103B4000042108433070207838706068A863A0684A
:103B5000E863E06828640020A8756946087402F0EC
:103B60003FF8A87D6946401C888205A9287C01F0A1
:103B700042FB15490023FC3948701A46194604A82F
:103B800003F0C0FA0290002805D000206871307858
:103B9000FB21084030700298AFE7307804210843D9
:103BA000307020783870002211460220FCF7A8FF00
:103BB000E8E738703078042108433070A08803F0BB
:103BC00053FBDFE7A0000020640A0020FEB508AF29
:103BD00070CF6F4670C700F001F8FEBDFFB50D460F
:103BE000002681B01F460124F0223146294804F006
:103BF000E5FE284A1021039804F0FEFB26480A99A6
:103C000041718771390AC171390C0172390E4172E3
:103C10000B9981720B991F4F090AC1720B99090CFC
:103C200001730B99090E4173203F18E01A48194A95
:103C3000C473641C1146A4B2203904F0B2FB002006
:103C40003118019A3B5C525C401C5A400C9B80B27C
:103C50005A541028F4D3103D1036ADB2F6B2102DE0
:103C6000E4D2002D13D00B4A0B481146C4732039FF
:103C700004F097FB002008E0019A3118525C3B5C8D
:103C80005A400C9B401C5A5480B2A842F4D305B051
:103C9000F0BD0000900A002018010020F3B52C4868
:103CA00089B00D46427869460A760078294C087733
:103CB000207A617A4018C6B2002D41D000216846B2
:103CC000017121794171E06A214F0290283F797892
:103CD000684601733978417320462C30009007AB59
:103CE00006AA01A9207C01F077FA79786846417428
:103CF00006210174E07C002802D007206946087480
:103D000004A9207C01F039FB0598C0B26870B0426C
:103D100018D3801B28706846182141560022099844
:103D200003F064FE002811D068461821415632463F
:103D3000099803F05BFE002806D000200BB0F0BD10
:103D40000320FBE7002028700920F7E70820F5E7AB
:103D500090090020A000002010B542791549022AE0
:103D600010D0632A0DD100688078642818D0002014
:103D70000870002816D010A005F084F80020FCF789
:103D80001BFF10BD0279012AFBD1006800781040AA
:103D9000087003D008A005F075F810BD09A0FAE777
:103DA0000120E5E707A005F06DF80020FCF7F4FE20
:103DB00010BD00003C0000204C4544204F4E0A0D31
:103DC000000000004C4544204F46460A0D0000000C
:103DD0006321417170470000EFF3108172B6034A0E
:103DE0001368034381F31088136070473401002087
:103DF000EFF3108172B6034A1368834381F310888E
:103E000013607047340100200148006870470000CB
:103E10003401002010B507480068002802D0FEF7E2
:103E2000D3FE10BDFEF7D6FEFEF7F0FEFFF7A8F9B1
:103E300010BD000034010020FF220132811A90429F
:103E40000CD009DC08280DD008DC012808D0022895
:103E500006D0042802D105E00F2212020720704785
:103E600005207047062070470149012048707047BF
:103E700068000020F0B541788DB000291BD1554C69
:103E80002278012A02D1A189491CA181417B012903
:103E900011D1C178504EE0290FD0334620335971EB
:103EA000027B1A718168186804F070FDF06801697E
:103EB0003046203088470DB0F0BD01250221002A90
:103EC0000DD082681778444A677052683B0003F04F
:103ED000EEFD08273135373A4E536E05EBE7027B8E
:103EE000042AE8D180680278012AE4D14278012AC4
:103EF000E1D18278012ADED1C0780128DBD100200F
:103F0000354AE023B070203253711171A081A07343
:103F1000E07320742570657068460170057106E0D5
:103F20000020A081207008A80170517A0171FFF76C
:103F3000F3FCC0E7284820300171BCE7B57046E0CB
:103F40000020B07043E02449027B20310A710B68E5
:103F500004221A70012206E083680C689B5C5B1CDB
:103F6000A354521CD2B20B799342F5D8A3E768460A
:103F70000570FFF7A1FD9EE70025A5812570684625
:103F80000175517A017605A8FFF7C6FC68460570F1
:103F90001148032110300190083002901030039036
:103FA00068460174FFF788FD0520307083E7027BC7
:103FB000032A0CD16A461170806881784278080221
:103FC000104340BA6A4690806846FFF775FD6570F9
:103FD00071E70000180600206800002010B5017885
:103FE0000E4A0123002902D0012914D107E04078AC
:103FF000002801D013700EE0022010700BE0417811
:10400000002908D106490C78012C04D18B73047A5D
:10401000CC73407A0874537010BD00006800002013
:1040200018060020704700008307FF22DB0E9A402D
:104030008907090E994000280BDA0007000F08389D
:10404000830808489B001818C36993430B43C36156
:104050007047830804489B001B1818689043084366
:104060001860704700ED00E000E400E010B50B4878
:1040700003F05AFA0A484179002905D001218173D9
:10408000016B042291430163407C022805D104485E
:104090000822173001781143017010BD240A002056
:1040A000A0000020FEB500277F4803F03DFA7F4DB9
:1040B0007F4C2878010767D5216B4A0604D540223A
:1040C000914349084900216377494207AC310026F2
:1040D000002A01DBC20710D0734A98325378022BB2
:1040E00002D04B78022B08D1236B5B085B00236363
:1040F000637B537116710127966062793A436D4F65
:1041000028D142070AD50A78002A09D1A67249782F
:10411000002905D1397EA172666201E0C10719D07C
:10412000397EA27A914201D981070ED5A672E06A42
:10413000401CE0626078002802D1606A401C606226
:10414000206B40084000206304E0F72108402870FD
:1041500000F042FC2878800717D5534A983210792E
:10416000012803D0607B217B88420ED9A67366713B
:104170006078002802D1606A401C6062607B5071E8
:10418000206B40084000206353E0A07B002850D003
:10419000208EC0064DD4A673607B217B884236D228
:1041A000082834D8401C6073C0070FD068460670DA
:1041B0006946207C01F0E1F801203856019A411E41
:1041C000914201D9401E00E01046787001217956D5
:1041D000227A207803F00AFC002806D02878F721FC
:1041E0000840287002F04AFF23E02F48072198304A
:1041F0004170216B49084900216366710671617B3A
:10420000417179788170607800280FD011E0012128
:10421000207C01F0B9F8206B400840002063224860
:10422000667198300671617B4171ECE7606A401CF1
:104230006062206B810702D5022188432063002839
:1042400014D07D21C900184803F024F9164803F062
:1042500033F92878800708D5A06D4168124880306E
:1042600088472878FD2108402870FEBD2878C007BF
:1042700008D0A06D01680C4898308847287840081D
:10428000400028702878400708D5A06D816806484E
:10429000AC3088472878FB21084028702878F7211F
:1042A00008402870D5E70000B8090020B7000020BA
:1042B000A000002068090020FFB50446002097B048
:1042C0000D46014613900F9007461090FD4811903F
:1042D00010300A90002015901490FB480171183896
:1042E000C2811A9A0274F94AD37B4374C1708170F7
:1042F0004171816001734173817441610170507C2F
:10430000022802D0F248406B8047EF48403803F063
:104310000BF92078694608704109281F6E1E169116
:104320001290012910D003297ED005297CD00729BD
:104330007BD0E54901201839487000F00DFDE348B5
:10434000C17B002972D0DCE1E04FF878002804D06E
:10435000DD4901201839487097E0B1B2DD4E601C8C
:10436000731C3A6CFFF7D8F96846007830701298E1
:104370000FAB81B230463A6CFFF762F97019203802
:10438000427F017F12020A43817FC07F09041143EB
:10439000000608430F9988424CD1CA48C94B1030D7
:1043A00000907A8B711C386CFFF772F97079317953
:1043B00000020843B179C44C090401437964307A9E
:1043C000F17900020843717AE83C09040143B07AAC
:1043D00000060843B864F07A4106490F6176010788
:1043E0002046090F20300170307B0007000FA060CD
:1043F00001D10120A0607D21C9004843A060401880
:10440000E060B448113D0D3003906846057403A97F
:10441000387C00F0F9FEAC490020143148700120CE
:10442000F8700846D43802E009E057E164E14078CA
:10443000607084E7A4490520143148707FE7A178B3
:10444000607809020143E078A04A0004084321791A
:10445000090601430791926C052091429B4918D0AF
:104460000F6A0CE03A6807998A4207D10121159139
:10447000391D119110310A917E6A0BE0BF6A002F3D
:10448000F0D1092190481838417000F065FC1BB04C
:10449000F0BD8E6A225C69460A70401C0D92235C56
:1044A000401C205C01021007000F08300C906019BE
:1044B00019432038037F109A1343427F12021A4394
:1044C000837FC07F1B041343000618431090881B92
:1044D00080B20122D2030FA90990904212D236185D
:1044E0000120029100901298019681B22046079B0C
:1044F000119AFEF757FF10990F9881421AD10120A7
:10450000149017E000B201223018120480180E90A7
:104510000291019012980122009281B22046079BDD
:10452000119AFEF73FFF10990F98814202D10120A6
:104530000E9E14900E2069460875644805A9007CFB
:1045400000F01BFF06990998814205D85E480821B2
:1045500018384170466198E71498002875D05A4879
:10456000002218384270159981700D99C906C90F3B
:104570004171826002735449466154484A70C26274
:1045800042721598062200280CD04F480221183894
:104590000170796AB14203D1002901D0427074E7F9
:1045A0007E621EE0169805280CD048484649002334
:1045B000837118390B70806AB04210D100280ED078
:1045C0004A7062E74148404A01218171183A1170EE
:1045D000806AB04203D1002801D0012013903B48EB
:1045E00086620C98281A001F002842DD0C9F0C9848
:1045F0007F1CE91B091F205CC9B20B913249183995
:10460000C87000280D9821D0000707D01A980821FB
:10461000C3B2781EC2B2204600F0FCFB01202D4D33
:10462000009001960295E019079B0A9A0B99FFF7F3
:10463000CDFA1398002800D081E623481838856009
:104640000B9901730121417320E045E00007F3D18C
:1046500020480290012101960091E019079B119AD0
:104660000B99FFF7B3FA1A980021C3B219480B9AB5
:1046700007E00D98000706D01A980821C3B220461B
:104680000C9A00F0C7FB13980028D5D10D9880062E
:1046900005D50D49012008711839887407E00A48CA
:1046A000002101710948417B007B814203D9064802
:1046B0002C3802F039FF05480222173001781143E7
:1046C00001703CE62C060020500A0020A0000020CB
:1046D000888F00084A0800200A21D3E6611C2A4678
:1046E0000F4804F053F90F48032101700021417075
:1046F0000B4981600673DEE7407C022801D100F09F
:1047000027F9094808220178114301700548012161
:10471000803802F0BFFE0348803802F0CDFEB6E6D6
:104720004A080020380A0020B700002010B50E4CBF
:10473000607C022803D00D48406B804701E000F008
:1047400007F9E07B01280ED161790420002901D00E
:10475000074948700649082214314870024817304A
:1047600001781143017010BDA0000020888F00085F
:10477000500A002010B50E4C607C022803D00D4872
:10478000406B804701E000F0E3F8E07B01280ED1A8
:1047900061790320002901D00749487006490822A1
:1047A000143148700248173001781143017010BD70
:1047B000A0000020888F0008500A0020F0B589B0C2
:1047C00002F0EEFD3A4C0546607C022803D03948E1
:1047D000406B804701E000F0BBF8A0780026364F20
:1047E00000282CD038465438216E02F053FE38464B
:1047F000543802F061FE607C02280ED03846403802
:10480000616E02F047FE3846403802F055FE607C8B
:10481000022802D06079002821D00F206946087054
:10482000207C00F0AAFD0198616E411822482C38C6
:1048300002F030FE20482C3802F03EFE0FE01E4908
:104840007E70032014314870194817300178002910
:1048500001D101210170C9B2082211430170617DAB
:1048600068460172039502A9207C00F0D5FD2565FC
:10487000617DE27868460274227D4274817402F0A0
:104880008FFD0590606B069004A9207C00F0C3FCAE
:10489000A18B606B4143081A616D401860656079B7
:1048A000002803D17E70A07A401CA07209B0F0BD30
:1048B000A0000020888F0008500A002010B50B4887
:1048C000407C022803D00A48406B804701E000F09A
:1048D0003FF8084902204870143148700348082204
:1048E000173001781143017010BD0000A0000020B6
:1048F000888F0008500A00203EB5124802F014FECE
:10490000114C0020E0730F4D627D69460A70943DA2
:104910006A784A706A7E8A70E27C4A728872C872CB
:10492000607C022802D10948806B8047054A6946AD
:104930004032207C00F05CFD6846807A696801F0B6
:1049400095F93EBDFC090020A0000020888F0008DA
:104950003EB5144802F0E8FD134C6946607D0870CE
:104960001048104D883800784870A83DE8690190DB
:10497000E07C48720120C872617C022900D00020CE
:104980006946084A88722C32207C00F031FD0028EC
:1049900007D06846807A696801F068F96846C07A8D
:1049A000E0733EBD100A0020A00000203EB50124A7
:1049B00068460470FEF746FF002805D16846017975
:1049C0000448012901D004703EBD032101704470E8
:1049D0003EBD0000680000201FB5194802F0A4FD8C
:1049E000184C1021206B8843206320461730007834
:1049F000400721D512487C30007800281CD101F0F6
:104A0000EFF8A07D6946401C888103A9207C00F056
:104A1000F2FB0B4980394870002069460871217902
:104A20000246C9010A4369460A72034602460090DB
:104A300002A901A800F03EF802F020FB1FBD000013
:104A4000E8090020A000002010B5034802F06CFD2A
:104A5000FFF7ACFF10BD0000EC050020F0B50646E6
:104A600000242046002E01D0002A1ED10020F0BDD7
:104A7000355DAF1E3B0003F01AF809161416061236
:104A8000140E16061600641C1554E4B2401CC0B285
:104A9000335D135400E01554401CC0B203E0A41C65
:104AA00000E0641CE4B2641CE4B28C42E0D3F0BDCC
:104AB00070470000F0B50F4687B000210691A24C68
:104AC0000C9D019221831E1E617100D10025EAB266
:104AD00022709E4D0178297000780121400908D08C
:104AE000022845D0042841D007287DD0022007B0F5
:104AF000F0BD9748E26C03699B1A23664069801AEF
:104B000060662183681C0822E16B03F04AFF208B5A
:104B10000822083080B220832818A16B03F041FFDF
:104B2000208B083020838B48C06980470146608312
:104B3000208B06AB2954401C80B2090A2954401C22
:104B40002083C1B28148226CFEF77AFD208B069942
:104B50002954401C80B20A0A2A54401C80B20A0C14
:104B60002A54401C80B2090E2954E9E001206071EA
:104B7000E078002872D00121684601733878744BC0
:104B8000C10968464173E06A049071485A1C417833
:104B9000684601756E480178684641756A4803A900
:104BA0002C300090207C00F017FB81013878BF2268
:104BB000104008433870664801214156227A207817
:104BC00002F014FF00284BD06148E26C8168891A1A
:104BD0002166C068801A6066A079002807D000208E
:104BE000A0713878202100E0A1E0084338705748D0
:104BF000A16C41700A0A82700A0CC270090E017120
:104C000039784171A18C8171090AC1715048217AAA
:104C10001F3840184E490825627A103903F0B6FE55
:104C2000207A617A4018C1B22172002E23D02078F8
:104C3000002820D00F2928D8E079002825D03A78FC
:104C40001009521812070001120F104338703F4A22
:104C50003F4F507100201F3F0AE0FFE7072046E763
:104C6000082044E73B5C53556D1C401CEDB280B2FC
:104C70008842F7D309E0002907D0E079002804D062
:104C8000334E21701F3E00200190314A0027103A18
:104C90001046E7710F38FFF7E1FE6072002801D07F
:104CA0000120E07100202072002E1DD02178002903
:104CB0001AD0264F019878556D1CF81D019AF830CE
:104CC000636AEDB2002A2AD000220092019302907A
:104CD0003A46A36C103A3046FEF780FF1B4978191C
:104CE0002278FF3103F052FE207806AB2918218389
:104CF00000206E46626A0DC6144A1448203AA36C1E
:104D0000FEF750FB114A208B069911540B0A12181A
:104D100053700B0C090E9370D170001D11E000222E
:104D200000920A4A01930290203AA36CD3E7002B29
:104D300008D0002A06D0681C314603F027FE2078F0
:104D4000401C20830020D2E6A00000204C0600205A
:104D500068090020888F000810B5104C4021206B96
:104D6000084320636079002801D0FFF77FF9E07BDA
:104D7000002804D1607C022801D1FFF7E9FD074932
:104D80000A2217310878104308700121044802F004
:104D900081FB034802F090FB10BD0000A000002042
:104DA000B809002030B419480178012908D0184802
:104DB0001749C068891CC268084630BC1E301047BD
:104DC0001349847B203101230A68012C07D04478E1
:104DD000012C11D0042C00D1437030BC704700244A
:104DE000847303240C71052414700C68C27B6270F8
:104DF0000968027C8A70EFE702230B7183891B0A22
:104E000013700968007B4870E7E70000180600206F
:104E100068000020FFB5054689B0A74816460C4635
:104E2000089023E1285D641C801EE4B2030002F0B8
:104E30003EFE090612636FA5B2D8F1EFEE009E495F
:104E40000020DC314870285D0872641CE0B22A5CE6
:104E50004A72401C4EE000206946087208730877C9
:104E600008742819401E0590301B401C087604A9C0
:104E700007A80191914F009003AB02AA05A9387CC5
:104E800000F08FFA0090C04340071FD13879002806
:104E900011D18948012120386B46082241569A5683
:104EA000914205D1002141560C201856814202D072
:104EB000002000900AE080486946097A2038417055
:104EC0006946097B01706946097F0176002706E083
:104ED000002203200099FBF713FE7F1CFFB26846F7
:104EE0000521007CFBF706F9B842F1D86846007C42
:104EF0002018401EC4B2B9E0285D704A641C01212C
:104F0000D072814091830022E4B211460420ABE0CC
:104F1000285D4006410F68464170285D641C01070A
:104F2000090F68460170E0B2295C401CC0B20191D3
:104F30002A5C401C12021143C0B201912A5C401C41
:104F400012041143C4B208466421484301905B48EF
:104F50006946007C00F057FA0146C84340070AD171
:104F60006A460898127802705348019A2038C26144
:104F70006A46527842760022052075E04F48FF21AC
:104F8000C06D002804D00068002801D08047014689
:104F900006200C9A68E0285D69460874641CE0B23B
:104FA0000391295C401CC0B200912A5C401C120293
:104FB0001143C0B200912A5C401C120411436422C8
:104FC00051430091C0B22A5C401C6946C4B20A72C7
:104FD0003A4803A9007C00F0F5F9014600220720B9
:104FE00042E0285D641C0007000FE4B2002800D1F5
:104FF00001207D21C90048432F497D222039D2005C
:10500000886080180022C860114608202CE030E03B
:1050100031E0FFE7285D00216A46641C1170517081
:10502000E4B2810601D501211170C10601D501212B
:1050300051700007000F907020481146007C00F06E
:1050400006FA401C12D068460178089800220171C7
:105050006846417808984171684680781849095C2B
:105060000898817111460920FBF74AFDB44200D22D
:10507000D8E60DB0F0BD285D69460870641CE0B24A
:10508000295C401CC0B201912A5C401C12021143F1
:10509000C0B201912A5C401C12041143C4B20846FC
:1050A00064214843019005486946007C00F05CF9A2
:1050B000014600220A20D7E788090020A00000202E
:1050C0000991000870B517490023CA681206120F2B
:1050D00018D18A6B154CD500134A02D512682240AC
:1050E00009E08E6B01252D072E438E6312688E6BAF
:1050F0002240AE438E63A24204D103218903884239
:1051000000D101230A480168490849001943016098
:105110000068C007C00F984201D0012070BD002078
:1051200070BD000000100240007000400018000038
:105130000020024001090A2200075143000F4018D5
:10514000C0B27047002102E00A38C0B2491C0A28E8
:10515000FAD20907090E0843704770B50446006883
:10516000C168490613D40021C943C160FCF738F96E
:105170007D260546F60006E0FCF732F9401BB042FA
:1051800001D9032070BD2068C0684006F4D5002016
:1051900070BD10B5FDF7E0FE10BDF0B5002423464C
:1051A00027466500012216469E404F53064201D015
:1051B000FF264E535E1CB240024204D04A5BFF26DB
:1051C000360232434A53641C9B1CE4B2DBB2042C0B
:1051D000E7D308814F81F0BD70B51C46049B15468E
:1051E0000E46092801D0002070BD224629463046CF
:1051F00000F036F970BD10B5092801D0002010BDAF
:10520000084600F067F910BD10B5092802D108461C
:1052100000F070F910BD10B5092802D1084600F061
:105220006BF910BD10B5092801D0002010BD08464B
:1052300000F074F910BD10B50B0914099C4201D39C
:10524000914201D3002010BD5A000C07835A240F4D
:105250000121A1408B438352012010BD30B50028AD
:105260000AD0002908D0002304E05C000D5B5B1C21
:105270000553DBB29342F8D330BDFFB50E46194655
:10528000099A029800F068F8002824D000242546E6
:105290001DE000236F00F15B0120984001420ED019
:1052A000E0180C2148430A994118082008560211B9
:1052B00000070117029800F04FF801280BD05B1C83
:1052C000DBB2102BE7D310346D1CE4B2EDB20098C2
:1052D0008442DED3002004B0F0BDF0B5844696468B
:1052E00000206246002A01D0012215E00020F0BD16
:1052F0004C0063461F5B10260024234615469D4044
:10530000BD4301D1641CE4B25B1CDBB2B342F5D3F4
:105310002018491CC0B2C9B27145E9D3F0BD037869
:105320000022032B14D1427813071B0F12068B7037
:10533000120F4A7082788A80C3781B021A438A80CF
:1053400000794206520F0007CA70000F087005224C
:105350001046704741607047884203DB904201DC91
:10536000012070470020704710B5092801D00020A7
:1053700010BD084600F004F910BD10B5092802D18F
:10538000084600F0FFF810BD10B5092802D1084604
:1053900000F050F910BD092801D00020704701200D
:1053A0007047F8B51C460E46069B07991546092816
:1053B00001D00020F8BD009122462946304600F079
:1053C00097F9F8BD10B5092801D0002010BD084696
:1053D00000F040FA10BD70B514460D46092801D002
:1053E000002070BD1A462146284600F035FA70BDEF
:1053F00010B50B46092801D0002010BD11461846F3
:1054000000F08CFA10BD10B5092801D0002010BDA5
:10541000084600F0F3FA10BD10B5092802D108467D
:1054200000F030FB10BD10B5092802D1084600F08D
:105430003DFB10BD70B514460D46092801D0002073
:1054400070BD1A462146284600F04AFB70BD10B5D3
:10545000092801D0002010BD084600F08BFB10BDCC
:10546000FFB50F460824092581B004574557416808
:10547000196041780026012910D1002C08D041681C
:10548000402900D30126602908D3C90603D005E0CE
:105490000020186002E0002D06D000253C70039823
:1054A0000570304605B0F0BD002CF7DD082C0CD09F
:1054B000641E64B2002CF1D100780128EED10448BA
:1054C00003490089FFF769FEE8E70424E6E70000E6
:1054D000FC0F002070B505460548002400890449EA
:1054E000FFF75BFE2878C00700D00424204670BD7B
:1054F000FC0F00207047000080780C225043054AC2
:1055000000218018407A0C225043034A80188160A1
:10551000704700009C0C00202801002070B5044654
:10552000006804220021FFF7D8FE012809D0206876
:1055300002F00DFA002805D02079002803D00128B8
:1055400014D0002070BD06220C482168FFF786FEAB
:105550000A4B002019460C3142008C5A9D5A401CBF
:105560002C40C0B28C520628F6D305E00348062230
:1055700018302168FFF772FE012070BDFC0F00207B
:105580000020704770B502787D210446C9000020D4
:105590004D00130002F08BFA1C391E1E391E0F112C
:1055A00015391B1D1F21232528392D2F313336385E
:1055B0003939393B3B1E052027E00120205615498B
:1055C00003E00120134920561031085C1DE0124809
:1055D0001BE0616070BD656070BD104815E010484B
:1055E00013E00120800310E00E4803F013FB401984
:1055F0000BE00D4809E0082007E00C4805E00B48E7
:10560000183002E0482000E00948606070BD0220C8
:10561000FBE700003D910008B80B00008813000074
:105620007017000018FCFFFFA0700837FC0F002067
:105630009C0C0020F8B5284A002815D0012812D16A
:10564000114610891839FFF7A8FD234B0020183B9D
:1056500019460C3142008C5A9D5A401C2C40C0B255
:105660008C520628F6D3F8BD00201C4F1C4B302569
:1056700001461C4C4443E6190C2444431E51E418D3
:10568000401C2572C0B261724028F2D34020164DF2
:105690004427164C444366190C2444431E51E41815
:1056A000401C2772C0B261724828F2D3FF201080DC
:1056B00051809180D18001201081518106490622BC
:1056C00008461838FFF7CAFD03490622183908466C
:1056D0000C30FFF7C3FDF8BD141000206001C83581
:1056E0009C0C0020400D0300C02FB82F006A18004A
:1056F000FFB587B000260746072435460496059671
:105700000622514904A80696FFF7A8FD16E038685E
:1057100002A98019FFF703FE002812D03018C6B284
:105720006846C07A072406281FD0072827D00528F6
:105730002DD069468989400004AA11523879B042B7
:10574000E5D8694609200856042808DA0422002111
:1057500004A8FFF7C2FD022801D26408640004A86F
:1057600002F0F5F8002814D015E0384869460882A0
:1057700048828882C882344889890181DEE7684688
:10578000058245828582C58281890183D6E7062408
:10579000D4E7640864002E49042001910090684613
:1057A00009228256002304A94820FFF766FD00283D
:1057B00001D1FD20044069460A2008560A22002132
:1057C000FFF7CAFD002808D169460A2008560028BC
:1057D00001DA8D7201E0FB200440072C22D16846DB
:1057E000007A002802D1012069460872062204A925
:1057F0001548FFF733FD144813490C3002880B8815
:105800001A40028042884B881A40428082888B88E6
:105810001A408280C288CB881A40C2800A890281DD
:10582000498941816846417A089801706846817AC1
:10583000099801706846017A0A98017010980670FC
:1058400020460BB0F0BD0000FC0F0020FFFF000061
:105850009C0C002000207047F7B596B00446002746
:10586000684607721546482103A8FAF7B6FC7E1E63
:10587000042200212648FFF730FD002805D12449E5
:1058800004220C392248FFF7E9FC0820205604289E
:1058900008DB1F48017A0906090E03D101460C39BD
:1058A00009890181606801F081FD216888421AD36D
:1058B00002A9019103A816490090207A154B164AB7
:1058C0000C39FBF79BF9002816D0411E002003F08D
:1058D000A1F903A9095C1798402201700C48FFF751
:1058E000AAFC2F600DE06946087A401C08726068C7
:1058F00001F05CFD21680E1A6846007A002803D08A
:105900002E60012019B0F0BD00202F60FAE70000E2
:1059100008100020280100209C0C0020F3B5012471
:1059200005460457466831488DB0C0688047002856
:1059300002D000200FB0F0BDE87A002810D102207C
:105940002B4A2856A10089180856002800DA0020A2
:1059500044B2287827494007400F48432649461853
:105960000527230002F0A3F80E0F08080A0C0F0FFA
:105970000F0808080A0C0E0F082704E00A2702E0A7
:105980000E2700E010272046FBF7F7F90B90184888
:10599000103800570A901548416930468847A97A5F
:1059A000002004900122039009910690079008922C
:1059B000059008216B4683C30C481346066A0120F4
:1059C0000A9A0B99B047687A01280CD0084814301D
:1059D000005D0D30C1B20548026E012090470E985F
:1059E00004700120A6E702482430F1E7888F000800
:1059F00029910008C0270900A070083770B5054636
:105A000046681C480724816A3046884700280DD024
:105A1000194886420AD31948864207D816481849B9
:105A200040423018FAF766FB002900D00624002017
:105A300028560D220821FFF78FFCFD26002800D1F3
:105A400034400020285607220521FFF785FC012855
:105A500003D0002028560D2800DD344001202856B0
:105A600003220021FFF778FC002801D1FB2004402D
:105A7000204670BD888F0008A0700837E086483740
:105A8000C027090010B5416800780C225043054A30
:105A90008018407A0C225043034A8018FFF75AFCC2
:105AA00010BD00009C0C00202801002010B5012131
:105AB0000446415602202056064AFDF75BFC01468B
:105AC00020780C225043044A044B10585B6CA28887
:105AD000984710BDFC0F00209C0C0020888F000808
:105AE000F7B50121044641561D488CB047560220A7
:105AF00020561C4AFDF73EFC064601202056FBF7C7
:105B00003CF90A9016480C214430805709902078BF
:105B1000164D484314490858696988472A6E217907
:105B2000012090470020124908910121059006901C
:105B300007900822029201910097049103906F6AE6
:105B4000024601200A9B0999B847EA6A2179012097
:105B500090470E9908600D98067001200FB0F0BDB7
:105B600019910008FC0F00209C0C0020888F000871
:105B7000B80B00000020C043704710B5052914D0B1
:105B800006DC022909D003290BD004291BD10CE023
:105B9000082918D01A2916D112E00023C35604226E
:105BA00006E00023C356052202E00023C3560A2262
:105BB00000211846FFF7D0FB002800D0012010BDBF
:105BC00000780228FAD2002010BD10B50B46092833
:105BD00001D0002010BD11461846FFF7CEFF10BDC2
:105BE00010B520480021C170012281624262C16269
:105BF0008172027342738173C17282830172417236
:105C00008270194A13461478283B1C7054785C70D3
:105C100054685C6094689C60D468DC6014691C61A2
:105C200054695C61547E5C76127E1A761A463C3A60
:105C30001446803418CCD4659365134684331C799C
:105C40005C3214715C7954719B79937141718171EB
:105C5000C171026A01E05162926A002AFBD141756A
:105C600010BD0000A00000209009002002000448A0
:105C700002D0C16B00200847C26B084610470000E5
:105C8000888F0008F8B51D4616460F460446FBF7F8
:105C9000A7FB314626464036009000291ED043E03F
:105CA000681C1BD0002D05D0FBF79AFB0099401A09
:105CB000A84213D920684168E022914341602068DE
:105CC000026840218A43026023E021680A68824317
:105CD0000A6021680A6802430A601FE02068816840
:105CE00038468843DCD124E0681C1DD0002D06D046
:105CF000FBF776FB01460098081AA84214D92068E1
:105D00004268E0218A434260206801684022914352
:105D100001600120A16A40038142D6D00120707445
:105D2000002030740320F8BD20688168384688431D
:105D3000DAD00020F8BD7047012070470148007993
:105D40007047000040020020F3B5034600206E4A71
:105D50008DB00146002B02D0012B48D14FE06A489C
:105D6000C069FAF703FC02910C900E98FAF7FEFB5B
:105D700006460F46302000F020FC4007800F02D07E
:105D80000024624D01E000242546272000F015FC88
:105D90005D494007400F098C401C4018FAF7E6FBAC
:105DA000594A203207929278012A21D00022574B7B
:105DB000FAF71EFA22462B46FAF71AFA32463B4603
:105DC000FAF716FA079A1279012A14D0002213461C
:105DD000FAF70EFA0322FAF79FFB029B0C9AFAF7E6
:105DE00023FB00224A4BFAF7B7FA02F01FFF86E0C6
:105DF00000221346DCE7002201239B07E8E700248A
:105E0000106C2546002804D0012805D0022808D1AE
:105E100005E000243F4D04E000243F4D01E03F4DEC
:105E20000024576C0120B840FAF78CFB02460B4661
:105E300020462946FAF7F8FA02460B460020334975
:105E4000FAF7F2FA304E044640360D467089FAF7FA
:105E50008DFB0022324BFAF7CBF922462B46FAF79C
:105E60007BFA09910890707A001DFAF77FFB069083
:105E70000791B8000290317A002900D00221401A1F
:105E8000FAF774FB04900E980F46C1000298081AA6
:105E9000B17B09014018317B002900D01421401A40
:105EA0001C30FAF763FB3B46049AFAF7BDFA02F09E
:105EB00021FB079B069AFAF74FFA002207460E4687
:105EC0001346FAF77FFB02D23846314601E0002044
:105ED00001460022134BFAF78BF922462B46FAF7BC
:105EE0003BFA099B089AFAF783F90022084BFAF764
:105EF00033FA0D4A0D4BFAF77BF902F0C3FBFAF7C0
:105F000043FB0FB0F0BD0000400200200000F03F56
:105F100000408F408084FE4080840E4180841E417A
:105F200000001140000020402B8716D9CEF7EF3F2C
:105F300070B5194908601949194801F043FA184821
:105F40001649143001F03EFA15481449283001F082
:105F500039FA00F075FB002000F08AFC0E48001DA5
:105F600000F072F80F4D002460002618A85D00F0C4
:105F70004FFC70198178407801F052F8641CE4B24B
:105F8000112CF1D3002000F043FC054900206039BA
:105F90000871022070BD000014000020F9640008A0
:105FA000A0020020EC8F000810B586B014216846CE
:105FB000FAF713F90D4801900220410202900520E2
:105FC0006A460007FCF76AFE094C6A46082120462B
:105FD000FCF764FE6A4620212046FCF75FFE6A4615
:105FE00010212046FCF75AFE06B010BD000011102B
:105FF0000004005010B586B014216846FAF7EDF899
:106000000F480190022002900320039001210520F7
:106010006A4689020007FCF741FE0A4C6A460821DD
:106020002046FCF73BFE6A4620212046FCF736FE60
:106030006A4610212046FCF731FE06B010BD000074
:10604000000011100004005070B5044603680121DF
:106050000520002289020007FCF756FE094D0022A8
:10606000082128466368FCF74FFE002220212846BD
:10607000A368FCF749FE002210212846E368FCF7DC
:1060800043FE70BD0004005070B514460E46054630
:1060900000F0BEFB304600F07BFB052000F0E8FB83
:1060A0000120FAF727FE284600F0B7FA054600F06F
:1060B000E7FDA54201DD002070BD012070BD00009C
:1060C000F8B5002568460570834C2079012809D071
:1060D000022857D12046603001F026FA6079012865
:1060E0007ED1E8E06079002818D001284AD140210B
:1060F000122000F095FF122000F05FFA6946087048
:106100000878754E8006403600286ADA2021122071
:1061100000F086FFB07C002876D083E06E4E2036FB
:106120003079012835D13F2000F047FA69460870E0
:10613000087880072DD40B213E2000F071FF10213C
:106140003F2000F06DFF3046543001F0EDF9B0799A
:10615000002818D00D2000F030FA402101430D2016
:1061600000F05EFF3046683001F0A6F95B48006839
:10617000002803D00069002800D08047357375736C
:106180002587E586F8BD5448883001F0CDF92571A2
:10619000ECE7E18E524F00290AD1208F002807D169
:1061A000B078002831D0322000F007FAE086E18E86
:1061B000208F091AC9B2C01900F028FAE08E208792
:1061C0004548743001F0B0F9B079002823D00D2093
:1061D00000F0F3F9402101430D2000F021FF01E020
:1061E0006DE02CE03C48883001F066F93B480068DF
:1061F0000028C3D08768002FC0D00E22B256E18E8F
:1062000000233748B847B9E70BE03348012136305F
:1062100000F0FCF9CBE730482571883001F084F9B3
:10622000E4E725712C48743001F07EF92B480068B2
:106230000028A7D000690028A4D08047F8BD192005
:1062400000F0BBF940B23076010605D5C043401CD2
:106250000006800E474201E00006870E1A2000F07B
:10626000ACF9002F03DA01110818C01901E001117F
:1062700008188B387083132000F09FF9307701469F
:10628000174800F0C3F9B07C002800D125711248EE
:10629000743001F049F9114800680028CED08468B4
:1062A000002CCBD018231A22F356B25E317F0C4853
:1062B000A0470CA00DE00821122000F0B1FE074815
:1062C000257100680028B9D000680028B6D0804742
:1062D00007A002F0D7FDF8BD400200201400002006
:1062E000400100207278446F6E650A0D00000000C6
:1062F0007478446F6E650A0D0000000070B5304C74
:1063000025462379E61F6A79E98E288FF93E2035E4
:10631000012B11D0022B28D1002A26D10A1A23469C
:106320001B8FE97E304618188A4243DD00F09EFE3E
:10633000208FE97E40183BE0002A17D0012A14D1B3
:106340001F48743001F0F0F88021122000F068FE40
:10635000002020711B480068002806D0C068002873
:1063600003D0804718A002F08DFD70BD002908D130
:10637000002806D1A87800280FD0322000F01DF99F
:10638000E086E18E208F0A1AA97E8A420BDD8019F1
:1063900000F03CF9208FA97ECCE709480121363076
:1063A00000F034F9EDE7D1B2801900F02FF904E0E4
:1063B000208770BDD1B200F059FEE08EF8E70000F2
:1063C0004002002014000020727854696D654F75FA
:1063D000740A0D0070B5294D294C294608462A79C2
:1063E00040304979C07B012A04D0022A01D100291A
:1063F00002D170BD002916D00129FAD10128F8D1A7
:106400000221122000F00CFE20680028F1D0406923
:106410000028EED01C2000F0D0F8216880064969E1
:10642000800E884770BD154C012620342673607B92
:106430000028F7D12046683001F076F86673112005
:1064400000F0BBF840084042A0731B2000F0B5F8F4
:1064500006021C2000F0B1F80643300A0102094A86
:10646000711A514380315043090A401828630C20A7
:1064700000F0A3F84009207570BD00004002002024
:1064800014000020093D000010B512484079002892
:106490001FD001281DD1122000F08FF80E4CC0072C
:1064A0000BD00521122000F0BBFD2068002810D081
:1064B000816900290DD001200AE00421122000F09A
:1064C000AFFD2068002804D08169002901D0002098
:1064D000884710BD40020020140000200548407984
:1064E000002806D103482030017B002901D1012179
:1064F0000173704740020020F8B51E4C002520793A
:106500001D4F01280AD0022807D1257138680028BC
:1065100003D04068002800D08047F8BD607900288B
:1065200015D1144E0B212036357375732587E586FA
:106530003E2000F075FD10213F2000F071FDB07984
:10654000012809D030462571683000F0EDFF386829
:106550000028E2D0C068DDE70D2000F02EF84021D1
:1065600001430D2000F05CFD0248883000F0A4FFDC
:10657000EDE70000400200201400002070B5002567
:10658000012000F045F9FF21112000F049FD052010
:1065900000F06EF900240120FAF7ACFB2C2000F08B
:1065A0000CF8C007C00FA040641C0543E4B2202CC7
:1065B000F1D300F065FB284670BD08B5012269469D
:1065C00000F004F86846007808BD0000F8B50E4FEA
:1065D00015460E460446002240213846FCF7AEFB25
:1065E0006006400EFCF706FE002405E00020FCF7E4
:1065F00001FE3055641CE4B2AC42F7D301224021C5
:106600003846FCF79BFBF8BD000400500A4610B565
:1066100001460020FFF7DAFF10BD10B5002804D0B6
:10662000012808D00020C04310BD1120FFF7C5FF8E
:106630004008404210BD1B20FFF7BFFF8B3810BD44
:1066400030B585B014216846F9F7C7FD01200190E7
:106650000320052500242D07039002946A4601219A
:106660002846FCF71BFB012211462846FCF766FB77
:106670000120FAF73FFB6A46012128460194FCF706
:106680000DFB0620FAF736FB05B030BDF3B5384CEC
:1066900006466179002081B0002902D0012964D129
:1066A00028E0002020876846314D017AE1862035B8
:1066B000A878002809D0322000F0B2FC6846027A9F
:1066C000501E3F2806D8EA760AE0012102A800F011
:1066D000CDFCF3E73146274802F058F92020E87650
:1066E000E97E304600F0C2FC208FE97E401820870A
:1066F000A06A3AE01E4DBE274035687C01281FD0B5
:106700003320FFF75AFF3840411C332000F088FC4B
:106710001D213B2000F084FC6846017A2977222065
:1067200000F07EFC00210E2000F07AFC00210D20FC
:1067300000F076FC0120FFF740FF40070AD00EE092
:106740003320FFF73AFF38400146332000F068FC61
:106750001921DEE700F0A6FA0120FAF7CBFA684625
:10676000017A304600F082FC606D00F0B7FAFEBDA1
:1067700040020020400100200349032802D00020ED
:10678000087070470120FBE74002002070470000BE
:1067900070B505461048114E856031462846F9F718
:1067A000A9FC044630466043281A000271104018C4
:1067B0003146F9F79FFC210244182002010E062001
:1067C00000F02EFC2004010E072000F029FCE1B2AD
:1067D000082000F025FC70BD40020020093D0000AB
:1067E00070B50D46044600F013F8002C04D0012CBF
:1067F0000AD12946232005E004488078002803D1E7
:106800002946322000F00CFC70BD00006002002020
:1068100010B516494A79824226D04871012810D015
:10682000002000F025F80120FFF7C7FE4106490EC1
:10683000012000F0F5FB0021402000F0F1FB3021A9
:106840000FE0002000F014F80120FFF7B6FE8021D1
:106850000143012000F0E4FB0021402000F0E0FBB8
:106860000021412000F0DCFB10BD000040020020B0
:1068700010B504000FD00020FFF788FF2046FFF777
:106880007BFF0120FFF799FEC108C90021430120C9
:1068900000F0C6FB10BD0120FFF778FFF1E770B5EF
:1068A00004460920FFF789FE06465A20FFF785FEB9
:1068B000054671060020490EC043844201DA0446B1
:1068C00002E00E2C00DD0E24641C090920070901DA
:1068D000000F0143092000F0A3FB29465A2000F0D5
:1068E0009FFB70BDF8B5634C074660790025002812
:1068F00002D0012850D125E05E4E40202036B579E7
:10690000FFF75BFE8107890F40200C3100F088FB08
:106910004120FFF752FE3E2108400146C13141208F
:1069200000F07EFB3520FFF748FE8006800EB07633
:106930001E210D2000F074FB00203073707320873F
:10694000E08629E04B4E4036707C01283DD0332054
:10695000FFF733FEBE210840411C332000F060FBEE
:106960001D213B2000F05CFBF07BB57C012836D07C
:106970001F21112000F054FB4020FFF71EFE81066E
:10698000890E402000F04CFB00210F2000F048FB56
:1069900000210D2000F044FBFF2101313648F9F7BA
:1069A0001CFC01202071002F08D032483946743079
:1069B00000F070FD2F48743000F07EFD60790028F3
:1069C00017D0002D52D0052051E03320FFF7F5FD00
:1069D00041210143332000F023FB1921C1E71D2190
:1069E000112000F01DFB4020FFF7E7FD332101409F
:1069F000C7E70520FFF73CFF002D36D11D48C069D1
:106A0000F9F7B4FD06460F462720FFF7D6FD4007ED
:106A1000400FF9F7ABFD0022184BF9F7E9FB0446EC
:106A200014480D46008CF9F7A1FD22462B46F9F7D4
:106A3000DFFB0022124BF9F7DBFB0322F9F76CFDB9
:106A400032463B46F9F7F0FC00220E4BF9F784FC86
:106A500001F050FDF9F798FD011D0648883000F05F
:106A600019FD0448883000F027FDF8BD0620FFF727
:106A7000FFFEF8BD40020020400100200000F03F72
:106A80000000244000408F40FFB581B015460E46FF
:106A900004460D9FFFF7BCFE0B997748090A009149
:106AA000002C1AD0012C74D1734C06644564403418
:106AB000049860720B98608127730E9860730F982A
:106AC000A0731098E0731198207412986074139852
:106AD000A0740C2D5ED90C255FE04661C5610A9952
:106AE0008161654920318F700E9ACA700F9A0A71C0
:106AF000129A4A71139A8A710B9901842846F9F700
:106B000035FD02460B4600205C49F9F78DFCF9F78C
:106B10003BFD84B2210A022000F082FAE1B2032098
:106B200000F07EFA3046FAF72FF90146122000F005
:106B300077FA0A98FAF728F90146132000F070FA5C
:106B40002520009900F06CFA0B98C1B2262000F0C5
:106B500067FA002F01D00E9900E0FF21322000F0EB
:106B60005FFA3020FFF729FD6F210840002F01D088
:106B7000002100E0802108430F99090101433020E2
:106B800000F04EFA3120FFF718FD4021014331207B
:106B900062E063E0062D00D20625002E02D0012E11
:106BA00002D003E00B2D3CD00C2D3AD000202072F7
:106BB0001D20FFF702FD0499B001C9000843B90088
:106BC00008430F9949000843217A0843C1B21D20A8
:106BD00000F026FA1E20FFF7F0FC0C2108402901E6
:106BE00008430C998905890F0843C1B21E2000F0A3
:106BF00017FA0C98C1B21F2000F012FA2020009959
:106C000000F00EFA0B98C1B2212000F009FA002F13
:106C100003D022200E9900F003FAE07B012802D075
:106C20000DE00120C3E74B20FFF7C7FC80210143A3
:106C30004B2000F0F5F9217C242000F0F1F9062D1D
:106C40000ED03120FFF7B9FCC108C9003120C91CA2
:106C500000F0E6F90A21372000F0E2F905B0F0BDB6
:106C60003120FFF7AAFCC108C9003120491D00F0FE
:106C7000D7F90C21EFE700004002002080847E411C
:106C800010B5074800F050FC0548143800F04CFCE3
:106C90000020FFF7EDFD024900207439087110BD96
:106CA000B402002010B5074800F03EFC0548143837
:106CB00000F03AFC0120FFF7DBFD024900207439A7
:106CC000087110BDB402002010B504460120FFF782
:106CD0009FFD2146392000F0A3F910BD10B50146F3
:106CE000264800F0D7FB254C603C6079002802D094
:106CF00001282CD119E04020FFF75FFC8107890FA4
:106D00004020103100F08CF94120FFF756FC3E2165
:106D10000140412000F084F93520FFF74EFC810648
:106D20001648890E4038817611E014482038C07B1F
:106D3000012815D0F721112000F072F94020FFF74B
:106D40003CFC8106890E4020403100F069F90220A8
:106D500020710A4800F0B0FB0320FFF789FD10BD49
:106D6000F521112000F05CF94020FFF726FC3321CB
:106D70000840014640314020E7E70000A002002023
:106D8000FFB581B01E4604460C9F0A9DFFF740FDEB
:106D90000298FFF784FD6D48390A009101462031C1
:106DA000002C1AD0012C6ED1029A0A770664044690
:106DB000456440340B99617267810D9921730F9975
:106DC000E173109A22740E9AA273119A6274129A45
:106DD00042650C2D58D90C2559E0029A0273039A8A
:106DE0004661C561026107840D9A8A700E9A0A7124
:106DF000119A4A71129981620398F9F7B7FB002240
:106E0000534BF9F711FBF9F7BFFB84B2210A0420B9
:106E100000F006F9E1B2052000F002F92846F9F782
:106E2000A5FB02460B4600204A49F9F7FDFAF9F79F
:106E3000ABFB84B2210A022000F0F2F8E1B2032099
:106E400000F0EEF82520009900F0EAF8F9B22620CB
:106E500000F0E6F83020FFF7B0FB6F2108400D99F5
:106E6000002901D0002100E0802108430E9909018A
:106E70000143302000F0D4F83120FFF79EFB402181
:106E80000143312052E053E0062D00D20625002EAA
:106E900002D0012E02D003E00B2D06D00C2D04D021
:106EA00000202072012902D00DE00120F9E74B20DB
:106EB000FFF783FB802101434B2000F0B1F8217CD8
:106EC000242000F0ADF81D20FFF777FB0B99B001EF
:106ED000C90008430D99890008430E9949000843E9
:106EE000217A0843C1B21D2000F09AF81E20FFF756
:106EF00064FB0007000F29010843C1B21E2000F007
:106F00008FF82020009900F08BF8F9B2212000F0D2
:106F100087F8062D0ED03120FFF74FFBC108C900BE
:106F20003120C91C00F07CF80A21372000F078F8E5
:106F300005B0F0BD3120FFF740FBC108C90031208A
:106F4000491D00F06DF80C21EFE700004002002021
:106F500080844E4080847E4170B506468AB00D46DE
:106F60001046F9F703FB00221D4BF9F7F5F9F9F785
:106F70000BFB04463046FFF70BFC00200790069001
:106F800003900590019004904B200521800100237F
:106F90000291009008941A4629461846FFF7F0FE21
:106FA0003120FFF70AFBBF210140312000F038F803
:106FB000F021402000F034F8A021412000F030F80A
:106FC0002146084800F066FA064902206039087137
:106FD000044800F071FA0320FFF74AFC0AB070BDC4
:106FE00000408F40A002002010B50C4C60790028B2
:106FF00012D0012810D1FA21112000F011F8402000
:10700000FFF7DBFA8106890E402000F009F8032023
:1070100020710720FFF72CFC10BD0000400200206B
:1070200013B5012201A900F001F81CBDF8B50E4FFF
:1070300015460E460446002240213846FBF77EFEE8
:10704000204680210843FCF7D5F8002404E0305D99
:10705000FCF7D0F8641CE4B2AC42F8D30122402122
:107060003846FBF76BFEF8BD000400500A4610B529
:1070700001460020FFF7DAFF10BD00007FB50020B9
:107080001E4C0090E17AFF2903D0002904D0606DE6
:1070900003E00A2004B070BD6065194D0190697865
:1070A00068460173217D8173E1784173206D2E461E
:1070B0002836029003E070786870694608730F4ABA
:1070C0006B46153201A9207CFEF785F90028F2D025
:1070D000009900290DD0206B10221043206308482E
:1070E000803000F0D7F90648803000F0E5F9002044
:1070F000D0E7607D00F05CF8CCE70000A000002045
:1071000068090020FEB5002426468F252E400B4D31
:107110002F79FF013E436F463E71009313460A46A6
:1071200001A9FDF7C7FC002806D105484471047188
:10713000696AC160FFF7A2FFFEBD0000A000002049
:10714000500A002010B5194C86B0207904A9FCF72C
:10715000A5FD214600222039002803D06846027090
:10716000029221E08878002816D001226846027039
:107170006279027120680290227968468281082231
:10718000C2734868817A68468173FCF7E5FA002883
:1071900000D0012006B010BD68460270627902710D
:1071A00020680290227968468281EAE78800002000
:1071B000FEB5002269460A701D4E0871707848714C
:1071C0003078887130461B4C20308079C871208B14
:1071D0000881234634336A4601A9207CFEF72AF948
:1071E0003246FC32012510465570143845707178CE
:1071F000817069460978C170616B816051607D2141
:10720000C900983800F046F93046503000F054F983
:10721000E078002802D1A07D401CA0750648217EA0
:10722000026B06489047206B284320630020FEBD78
:1072300068090020A0000020888F00084C0600206C
:1072400070B5074D074CA874216901208847A87CB8
:10725000E16D002801D0342000E01220884770BD85
:10726000A0000020888F00081CB5114C6A46617D83
:10727000117010494B785370097891700D49203185
:107280008979D17090806946207CFEF7CCF8094856
:107290007D21C900503000F0FDF80648503000F064
:1072A0000BF9206B01210843206300201CBD000066
:1072B000A00000206809002010B5FAF797F810BD6B
:1072C00010B594B014210EA8F8F787FF382168464E
:1072D000F8F783FF0220009001210A9003918004B7
:1072E0000C9000240001019410210D900B94049146
:1072F0006846FAF7EFFB002801D0F9F73DFD114889
:10730000816B0204114381630F4801680322D2029A
:107310009143C214891801604168C943C906FBD56D
:107320000F200E9003200F901094119401211294BD
:107330000EA8FAF7BFFA002801D0F9F71DFD14B026
:1073400010BD0000001002400070004010480168AD
:10735000821511430160C1680E4A1140C160016885
:107360000D4A114001608168490849008160016847
:107370000122920491430160C168FD2212049143ED
:10738000C160002101610549C003886070470000A9
:10739000001002400C40FF88F6FFF6FE00ED00E012
:1073A00010B5FBF7BBFDFBF7DBFE10BD70B5054666
:1073B000FBF7B4FD04462846FBF7DAFE201AFBF77C
:1073C000CFFE70BD00220260426002720261C160A5
:1073D0007047000010B5054A1168002901D000234C
:1073E0000B720161106000F03FF810BD3801002001
:1073F00070B5FBF77FFD0446FBF70AFE031B194C33
:10740000206800282DD00146002507E016689E421E
:1074100002D9F61A166000E0156009690A69002AA7
:10742000F4D100281DD001692160C068002800D176
:10743000FEE780472068002813D0FBF761FD014676
:1074400020680268914205D901692160C06800285E
:10745000EFD1FEE7002804D0017A002901D100F025
:1074600003F870BD3801002070B50446FBF740FDFD
:10747000054601202072FBF743FD21684019884230
:1074800001D8084603E0FBF73BFD40192060FBF7FD
:107490006DFD70BD70B505460846FBF769FE0446F4
:1074A000284600F041F8FBF723FD844200D2044651
:1074B0002C606C6070BD0000F8B50400EFF310851F
:1074C00072B62CD0174F3868014602E0A04226D091
:1074D00000690028FAD10026606820602672002921
:1074E0000CD0FBF70DFD216809182160386802688F
:1074F000914206D22046FFF76DFF10E0FBF788FDB2
:10750000F8E70169002908D022680B689A4201D97E
:107510000846F6E70461216101E00461266185F314
:107520001088F8BD3801002070B5EFF3108572B6F1
:10753000144C21680A1E21D000281FD081421BD183
:10754000087A00260128086903D000280AD02060A4
:1075500014E0002804D00E722060FFF785FF0DE0D4
:10756000FBF7EEFD266009E0814203D10869106156
:10757000002803E00A4609690029F5D185F310883F
:1075800070BD00003801002010B5818CC90707D0FC
:1075900001684A6801235B049A43836A1A434A607C
:1075A000818C890707D501684A6801231B049A4327
:1075B000C36A1A434A60818C490707D501684A6843
:1075C00001239B049A43036B1A434A60818C090789
:1075D00007D501684A680123DB039A43436B1A43CA
:1075E0004A60818CC90607D50268916801231B0394
:1075F0009943836B19439160818C890607D5016893
:107600008A6801235B039A43C36B1A438A60818CA7
:10761000490612D503685A6801210905046C8A439A
:1076200022435A60026C8A4207D1026851680323E0
:107630005B059943436C19435160818C090607D55A
:1076400001684A680123DB04806C9A4302434A6064
:1076500010BD0000F8B500260446C666F9F7C0FE66
:10766000054620680068124F000709D501212B4606
:10767000002249052046009700F034F900280DD17A
:107680002068006840070BD501212B4600228905A0
:107690002046009700F026F9002801D00320F8BD0D
:1076A000202060346072A07226720020F8BD0000B5
:1076B000FFFFFF01FEB50446016880682269E369A7
:1076C00010436269102700261A4310430A683546A2
:1076D000784B1A4002430A60206841680322120373
:1076E0009143E26811434160734A2168A069914265
:1076F00001D0226A10438A680B231B029A4302437B
:107700008A606E4A20686E4990420CD1C868800732
:10771000800F06D0012843D002283FD0032826D16D
:1077200024E0012723E0674A90420AD1C8680C216F
:10773000084031D0042833D008282FD00C2816D187
:1077400014E0614A904227D0604A904224D05A4ABD
:1077500090420CD1C9680320800201401CD0101552
:10776000091A1DD0091A19D0814200D10827022018
:10777000F9F7E6FE0190504B514922684039D81381
:1077800000929A4235D1002F0CD0022F0DD0042F39
:1077900012D0082F1CD113E00027E8E70227E6E704
:1077A0000427E4E7FAF73AF908E00868C00601D5CB
:1077B000474805E0474803E0FAF750F9002873D03E
:1077C000626851005118814202D81103814201D2EE
:1077D000012569E0010E06025008002330185941C6
:1077E000F8F7B2FC032109023B4A411A914259D9E8
:1077F000EEE7E26982422DD13B0000F058F909061C
:10780000080B24192424241F2400019812E0FAF7FD
:1078100015F90FE008686168C00602D548082F4ACC
:1078200001E02F4A48088018F8F764FC86B20BE0A4
:10783000FAF714F9616840004A08F4E76168012228
:1078400048081204EFE70125310909013007400F0C
:10785000084327E03B0000F02AF909070A0D061D3E
:10786000060606290600B3E7FAF7D8F814E0FAF797
:10787000E5F811E008686168C00602D54A081448B6
:1078800001E014484A081018F8F734FC81B2009857
:10789000C16009E0FAF7E2F861684A088018F8F771
:1078A00029FC80B22168C8602846FEBD61684A088C
:1078B000E9E70000F369FFEF0048004000380140AD
:1078C0004010024000440040004C00400050004086
:1078D00000093D000024F400FFFC0F0000127A00B4
:1078E0000048E801FFB581B017460E4604460A9DE0
:1078F0001DE0681C1BD0002D05D0F9F771FD04991F
:10790000401AA84213D920680168FF22A13291438E
:107910000160206881684908490081602020603446
:107920006072A07200202072032005B0F0BD2068B4
:10793000C1693046884304D00020B842D9D0002025
:10794000F3E70120F9E710B501F072FA10BDF0B5C8
:1079500085B00646002738466C464100401C725AE6
:10796000C0B262520428F8D300256800205AC1B280
:10797000000A00020491039010210498F9F72DF9F0
:10798000052809D96900625A049B01201A406252F5
:107990008840694608810FE010210398F9F71DF926
:1079A00005280DD96800225A039B01211A40225252
:1079B000401C81406846018101270020034604E005
:1079C0006D1CEDB2042DD0D30CE04100625A72520E
:1079D000A84200D07352401CC0B20428F5D36846B8
:1079E00000893081384605B0F0BD00007CB5054601
:1079F00068464170062101700B481446C17C00297D
:107A000002D007216A4611706946007CFDF7B5FC7B
:107A1000019881B22819884203D8FF2801D8012093
:107A20007CBD00207CBD0000A000002037B51446BE
:107A30000846064B6A46214600F010F9044669469E
:107A4000002000F0A9FC20463EBD000099830008FC
:107A50002021020C01D010211046020A01D010464C
:107A60000839020901D01046091F820801D01046CA
:107A7000891E420801D0881E7047081A7047F8B561
:107A8000040C8BB2264682B25E430D0C1046370CB6
:107A90005843360480190021794116466E43370C4D
:107AA00036048019794126466E438919F8BD30B4F1
:107AB0007446641E2578641CAB4200D21D46635D8B
:107AC0005B00E31830BC184702E008C8121F08C169
:107AD000002AFAD170477047002001E001C1121F4F
:107AE000002AFBD170470000F0B51FB486B009989A
:107AF000089A030D0021024314D05148514A181826
:107B0000504305141198012810981AD0281A401CC7
:107B100000264D4F4D49009601910490002812DA3D
:107B2000444211E01198012449A3012801D1109881
:107B3000C1430698119A84600360C26041600BB033
:107B4000F0BD4042E4E70446210500203F4A001C06
:107B500051410391029012E0E00707D032463B46C4
:107B600001990098F8F7F8FB0191009032463B46E6
:107B700010461946F8F7F0FB06460F466410002C35
:107B8000EAD10498039B0028029A0999089806DA1A
:107B9000F8F7E2FB019B009AF8F7DEFB05E0F8F747
:107BA00043FC019B009AF8F73FFC04460E46002276
:107BB000284BF8F707FD03D80020C043014607E033
:107BC0000022254B20463146F8F712FBF8F7E0FD7E
:107BD000102409E0002C0ADB0A220023F8F7B4FA8B
:107BE000079B30321A55641E02460A43F2D1112215
:107BF000641C079B121B1C19119B012B03D0012332
:107C000008430ED10AE0084304D011201090002050
:107C1000119077E71098151A6D1E0BE010988242AC
:107C200002DD00236D1C03E0824201DA00236D1E99
:107C3000002BEED0069811998260C16030C07EE7BB
:107C400001FCFFFF104D0000000014400000F03F59
:107C5000300000000000F0430000E03FFFB597B0A7
:107C6000064600251BE2252876D100242746F74941
:107C7000049400E00443761C32780120203A9040BE
:107C80000842F7D130782A280ED0022230780146F7
:107C90003039092916D804990A2359433039401834
:107CA0001443761C0490F1E7189802C804911890C8
:107CB000002904DA012040030443484204900220D2
:107CC0000443761C30782E2814D1042004437078A5
:107CD000761C2A2809D11898761C80C8189009E0CB
:107CE0000A214F43303FC719761C3078014630399E
:107CF0000929F5D930786C2810D006DC4C281AD028
:107D000068280ED06A2817D104E0742813D07A2886
:107D100012D110E00120400504430CE001210905C7
:107D200001E0032109050C437178814203D1012050
:107D300000052418761C761C307866280BD013DCDE
:107D400058287DD009DC00287BD04528F6D046286D
:107D5000F4D047281AD1A9E118E0632835D0642867
:107D600070D0652812D1A1E170286CD008DC67289A
:107D7000F1D069287DD06E280DD06F2806D1BCE0E7
:107D800073282ED0752873D0782859D01A9A19994B
:107D900090476D1C82E16002400F022809D0032841
:107DA0000DD00428189801680DD00D60001D1890A2
:107DB00074E11898EA1701680D604A60F6E71898B0
:107DC00001680D80F2E70D70F0E718986A460178B7
:107DD0001172001D18900020507202A8009001201E
:107DE00005E0189802C8189000200091C043610770
:107DF0000ED5002101E00199491C0191B94213DA25
:107E00008142F8DB019A0099895C0029F3D10BE0EB
:107E1000002101E00199491C01918142FADB019A9C
:107E20000099895C0029F5D1019904981A9B471A99
:107E300021463846199A00F099FA4019019903E051
:107E400051E030E115E050E0451807E00098009956
:107E50000078491C00911A9A199990470198401E80
:107E60000190401CF2D1214638461A9B199A12E122
:107E700037E00A200021009001916002410F0229A1
:107E800007D0189A01CA1892C2179446032908D03D
:107E90000AE01898C01DC108C90005C91891944688
:107EA00007E000B2C2179446042902D140B2C117BC
:107EB0008C4600226146944506DA0A46002140427B
:107EC00091418C462D2102E0210504D52B216A46E3
:107ED0001173012103E0E10701D02021F7E70291AE
:107EE00056E00A200AE0102008E01020009000214F
:107EF000042004430191082703E008200021019198
:107F000000906002410F022907D0189A01CA189206
:107F100000229446032908D008E01898C01DC10823
:107F2000C90005C91891944603E080B2042900D124
:107F3000C0B20021029121072AD531780D91702914
:107F400006D0009A1021019B4A401A4305D00EE04A
:107F500040216A461173012108E06146014306D0C1
:107F600030216A4611730D99517302210291009AD2
:107F70000821019B4A401A430AD16146014301D1BD
:107F8000610705D530216A46117301217F1E0291D8
:107F90003178582904D02EA10E910DA90D910DE034
:107FA00030A1F9E76146019B009AF8F7CDF80E9BE6
:107FB0008C469B5C0D9A521E0D92137061460143D4
:107FC000F0D10D9805A9081A20300190600703D55B
:107FD00001200004844300E001270198874201DD6D
:107FE000381A00E000200199009041180298091801
:107FF0000498401A0490E00306D421461A9B199A6B
:10800000049800F0B3F94519002706E003A81A9A6E
:10801000C05D199990476D1C7F1C02988742F5DB63
:10802000E0030CD521461A9B199A049800F09EF99A
:10803000451904E01A9A3020199990476D1C00994F
:10804000481E00900029F5DC1FE00000092801000F
:1080500030313233343536373839616263646566BE
:108060000000000030313233343536373839414280
:1080700043444546000000000D980D990078491CC6
:108080000D911A9A199990476D1C0199481E0190FB
:108090000029F1DC4DE100F059F94519761C3078E2
:1080A000002800D0DFE528461BB0F0BD600700D4F3
:1080B00006271898C01DC108C90048680A68083119
:1080C000C30FDB071891190001D09CA108E021051E
:1080D00001D59BA104E0E10701D09AA100E09AA19B
:1080E0004300109130785B0865280CD006DC4528E9
:1080F00009D046281DD0472841D141E0662818D034
:1081000067283CD13CE00021112F01DB112000E069
:10811000781C0191009008A911A8FFF7E5FC1399BC
:1081200005910021119A15927F1C129801970091D8
:1081300050E00120C00703900120019008A900979A
:1081400011A8FFF7D1FC139A149905920022119BF4
:10815000009212981593059A0192002901D01046B9
:1081600002E0791C40180190381A01D5019804E00A
:108170004042401E0090781C0190C01B029043E0DA
:10818000012F00DA01270021112F01DD112000E06D
:1081900038460191009008A911A8FFF7A5FC139992
:1081A0000591119A002112981592009101972107CB
:1081B0000CD40599B94201DB019900E00191012934
:1081C00004DD159A491E515C302906D0B84201DA07
:1081D000011D05DA0121029115E00199491EEDE723
:1081E000002805DC0099411800910199091A03E063
:1081F000019A411C914200DD01910099401A401CF6
:1082000002900120C0070390200706D4029901982C
:10821000814202DB0020C043029000206946C877FB
:1082200007AF012103980337C907884224D00220F1
:1082300011902B201290039800280CDA40420390F2
:108240002D20129007E00A210398F7F753FF3031F1
:108250007F1E039039701199481E11900029F2DC9D
:1082600003980028EFD1791E1298087030782021E9
:1082700008404530BF1E387006A8C01BC01D0390C3
:1082800010980078002800D0012001994118029828
:10829000C0170918039809180498401A401E049042
:1082A000E00306D421461A9B199A049800F05EF860
:1082B000451910980078002803D01A9A1999904708
:1082C0006D1CE00324D521461A9B199A049800F0EE
:1082D0004DF845191CE00098002807DB0099059827
:1082E000884203DD1598405C199901E01999302006
:1082F0001A9A904700986D1C401C00900298401EEE
:108300000290002804D11A9A2E20199990476D1CCA
:108310000199481E01900029DDDC05E038781A9AA1
:108320007F1C199990476D1C0399481E03900029E2
:10833000F4DC21461A9B199A0498ACE62D00000043
:108340002B0000002000000000000000F8B50446EB
:1083500000251E461746880404D405E0394620202F
:10836000B0476D1C641EF9D52846F8BDFFB504461C
:10837000002581B01E46C80301D5302700E0202724
:10838000880404D505E038460399B0476D1C641E87
:10839000F9D5284605B0F0BD0A68531C0B60107073
:1083A0007047F0B50E4617460146E037387C85B079
:1083B000154600281DD02A46684600F0FFF8012423
:1083C00008E000F005FB21016846491900F098FD1E
:1083D000641CE4B2387CA0426846F2D800F074FC19
:1083E000200142196946304600F0E8F8002005B047
:1083F000F0BDFF20FBE70000F0B51346E03389B085
:1084000014460D46102908D0182D06D0202D04D072
:1084100000201874FF2009B0F0BD224603E0067862
:108420001670401C521C0E46491EC9B2002EF6D1D1
:10843000A8007030C0B201900009401E18740120DD
:108440002E4606904FE0A71938462038017F049148
:10845000417F0591817F0391C07F0290294630467C
:10846000F7F748FE002904D0182D27D9102918D075
:1084700024E01F48059A069B825C04995A400492A6
:10848000039A825C0592029A825C0392405C02909D
:10849000FF225800D9091C3251434840C0B206900F
:1084A0000CE013480499415C04910599415C0591E5
:1084B0000399415C03910299405C0290701BC0B229
:1084C000215C049A20185140A1554178059A5140E9
:1084D00079708178039A5140B970C0780299484008
:1084E000361DF870F6B201988642ACD3002092E7B0
:1084F00068910008F8B54A002B4B520DD6182B4A4C
:108500000C460546142E2BDA002E12DA284BF7F70C
:108510006FFE00221346F8F755F840D2002C03DA1C
:108520000124E40700253AE02046284337D0214CB7
:1085300014E0214F0B46F7403B402B4331D01C4BFE
:10854000F7F756FE00221346F8F73CF827D2002C26
:1085500003DD01200005F0400419BC4300251EE0A6
:10856000332E1EDC33460027143BFF43DF403842E6
:1085700017D00F4BF7F7E7FE00221346F8F722F863
:108580000DD2002C0ADD142E0CD03420811B0120CA
:1085900088404019A84200D2641C0546BD432146CC
:1085A0002846F8BD641CF9E701FCFFFF9C750088B4
:1085B0003CE4377E0000F03FFFFF0F0010B50B7862
:1085C0001478634003704B785478634043708B7821
:1085D000947863408370CB78D4786340C3700B7910
:1085E0001479634003714B795479634043718B79FB
:1085F000947963408371CB79D4796340C3710B7AEA
:10860000147A634003724B7A547A634043728B7AD4
:10861000947A63408372CB7AD47A6340C3720B7BC3
:10862000147B634003734B7B547B634043738B7BAE
:10863000947B63408373C97BD27B5140C17310BD6F
:108640000A7802704A7842708A788270CA78C2705A
:108650000A7902714A7942718A798271CA79C27142
:108660000A7A02724A7A42728A7A8272CA7AC2722A
:108670000A7B02734A7B42738A7B8273C97BC17314
:1086800070470000F8B54A002B4B520DD6182B4A04
:108690000C460546142E2BDA002E12DA284BF7F77B
:1086A000A7FD00221346F7F78DFF40D2002C02DB16
:1086B000002425463BE060004008284337D0214C89
:1086C00014E0214F0B46F7403B402B4331D01C4B6D
:1086D000F7F78EFD00221346F7F774FF27D2002C20
:1086E00003DA01200005F0400419BC4300251EE018
:1086F000332E1EDC33460027143BFF43DF40384255
:1087000017D00F4BF7F71FFE00221346F7F75AFF5B
:108710000DD2002C0ADA142E0CD03420811B01203B
:1087200088404019A84200D2641C0546BD4321463A
:108730002846F8BD641CF9E701FCFFFF9C75008822
:108740003CE4377E0000F0BFFFFF0F0070B51E4A0B
:10875000002313705160D0601CA000F093FB1A4DF1
:108760001CA01035297800F08DFB0124295D1DA087
:1087700000F088FB641C082CF8DB15A000F082FBDD
:10878000114D1AA01835297800F07CFB0124295DD1
:1087900014A000F077FB641C082CF8DB0CA000F0A0
:1087A00071FB094D15A02835297800F06BFB0124D9
:1087B000295D16A000F066FB641C102CF8DB15A0E8
:1087C00000F060FB70BD0000680000204F54414184
:1087D0000A0D00004465764575693D202530325804
:1087E000000000002D253032580000004170704517
:1087F00075693D2025303258000000004170704BF3
:1088000065793D20253032580000000020253032A7
:10881000580000000A0A0D00F0B53B4C85B02178E5
:10882000204600250527032640780B00FFF73FF977
:10883000060436474C6A346A354834490160354984
:10884000416035498160E0682F490068083108605F
:1088500009222F48FAF7E8FD2D4830491438FEF771
:10886000B1FD2B4E02200C3630706068407A3071BA
:108870003046FBF751F8072030706068C07A3071DD
:108880003046FBF749F835706068007A3071304641
:10889000FBF742F80120207005B0F0BD69460D706D
:1088A0001949103101910831029110310391694643
:1088B0000E74002824D00846FBF7FEF820E018A02C
:1088C00000F0E0FA2670E7E7002804D0FCF76AFA27
:1088D000FEF738FC60700E4818300078012804D08C
:1088E00060680178002902D00AE0104900E0416880
:1088F00007481438FEF7CEFD05481438FEF7DCFDB6
:108900002770C9E72570C7E768000020693E0008A6
:1089100000060020753E0008DD3F0008494A0008B7
:108920004A4F494E45440A0D0000000088130000DC
:10893000014800787047000068000020F8F75EFDED
:10894000FEF7BEFCF8F7A6F9FAF752FA094908460D
:108950001438FFF7FBFE084908A000F093FAFFF770
:108960005BFF72B6FFF7E4FF052801D1FBF752FA6F
:1089700062B6F4E7540000200010014456455253FB
:10898000494F4E3A2025580A0D00000003E00B78AD
:108990000370401C491C1346521E92B2002BF6D1A4
:1089A00070478018401E03E00B780370401E491C7E
:1089B0001346521E92B2002BF6D1704701E00170AF
:1089C000401C1346521E92B2002BF8D17047000093
:1089D0007FB5044601466846FFF732FE6B461978BC
:1089E00080485A79455CC11DF9318A5C9B7A5540B3
:1089F000C21FF93AD65C6B46DB7BD35C5E407540A8
:108A000025706B461B78D55C6B465B79C35C5D401B
:108A10006B469B7ACE5C6B46DB7BD35C5E407540DD
:108A200065706B461B78D55C6B465B79D35C5D40AB
:108A30006B469B7AC65C6B46DB7BCB5C5E407540CD
:108A4000A5706B461B78CD5C6B465B79D35C5D4053
:108A50006B469B7AD65C6B46DB7BC35C5E407540A5
:108A6000E5706B461B79C55C6B465B7ACB5C5D4001
:108A70006B469B7BD65C6B46DB78D35C5E40754077
:108A800025716B461B79D55C6B465B7AC35C5D4098
:108A90006B469B7BCE5C6B46DB78D35C5E4075405F
:108AA00065716B461B79D55C6B465B7AD35C5D4028
:108AB0006B469B7BC65C6B46DB78CB5C5E4075404F
:108AC000A5716B461B79CD5C6B465B7AD35C5D40D0
:108AD0006B469B7BD65C6B46DB78C35C5E40754027
:108AE000E5716B461B7AC55C6B465B7BCB5C5D407E
:108AF0006B469B78D65C6B46DB79D35C5E407540F9
:108B000025726B461B7AD55C6B465B7BC35C5D4014
:108B10006B469B78CE5C6B46DB79D35C5E407540E0
:108B200065726B461B7AD55C6B465B7BD35C5D40A4
:108B30006B469B78C65C6B46DB79CB5C5E407540D0
:108B4000A5726B461B7ACD5C6B465B7BD35C5D404C
:108B50006B469B78D65C6B46DB79C35C5E407540A8
:108B6000E5726B461B7BC55C6B465B78CB5C5D40FE
:108B70006B469B79D65C6B46DB7AD35C5E40754076
:108B800025736B461B7BD55C6B465B78C35C5D4095
:108B90006B469B79CE5C6B46DB7AD35C5E4075405E
:108BA00065736B461B7BD55C6B465B78D35C5D4025
:108BB0006B469B79C65C6B46DB7ACB5C5E4075404E
:108BC000A5736B461B7BC95C6B465B78D35C5940D5
:108BD0006B469B79D25C6B46DB7AC05C424051406D
:108BE000E1737FBD6892000810B50649064A08681F
:108BF0005043064A801808600549F7F77BFA084693
:108C000010BD00003C0100206D4EC641393000000F
:108C1000FFFFFF7F70B50D460446FFF7E5FF291BF8
:108C2000491CF7F77DFA081970BD0000F0B513B4C0
:108C300006460199F7F76EFD04460D4602460B46BF
:108C400030460199F7F779FB064601981B4B0F4612
:108C500000280CDA00223046F7F7BAFD0CD90022C2
:108C6000174B30463946F7F7ADFC1DD214E0002211
:108C70003046F7F7ADFD08D20022124B20462946B8
:108C8000F7F75BFB04460D460EE000220C4B304626
:108C90003946F7F797FC07D800220A4B20462946A9
:108CA000F7F7A6FA04460D46019A69004908D20F63
:108CB000D2072046114303B0F0BD00000000E0BF22
:108CC0000000E03F0000F03F027818498A5C027023
:108CD00002798A5C0271027A8A5C0272027B8A5C87
:108CE000027343794278CB5C4370437ACB5C437127
:108CF000437BCB5C43728A5C4273837A8278CB5C21
:108D000083708A5C8272837B8279CB5C83718A5C9C
:108D10008273C37AC27BCB5CC373C379CB5CC372EF
:108D2000C378CB5CC371895CC170704768910008DF
:108D300001490860704700003C01002010B50F4851
:108D40000D490160E1214902416000218160C1605B
:108D5000016181610C214161F9F717FE002801D002
:108D6000F8F70AF8002201211C20F8F79BFB1C20D1
:108D7000F8F776FB10BD0000004400403C050020E1
:108D800010B586B014216846F7F727FA1048C26A72
:108D900001210A43C262C26A0A400592C26A0A43BA
:108DA000C262C06A0524084005900320019000209B
:108DB000029004202407009069462046F8F748FAFC
:108DC0000820009069462046F8F742FA06B010BD28
:108DD0000010024030B587B014216846F7F7FDF95E
:108DE0001248C26A01210A43C262C26A0A4005925D
:108DF000C26A0A43C262C06A042408400094059013
:108E0000022001900320052502912D070390694659
:108E100004942846F8F71CFA082000906946049448
:108E20002846F8F715FA07B030BD000000100240E0
:108E300010B5114C0FE0EFF3108072B60F4989188E
:108E4000521CD2B2628080F31088FF232D3301229E
:108E50000B48F9F7DDFD20886288801AFF30013069
:108E6000C117090E0918090A0902401A0028E2DC94
:108E70001C20F8F7EBFA10BD620000203C04002033
:108E80003C0500200FB4F0B5A1B027AAEFF3108481
:108E900072B668462699FEF7C9FD174DC6B22888F6
:108EA0008119FF291548298808D840183246694693
:108EB000F7F77AF928888019288012E0FF2201321A
:108EC000511ACFB229883A4640186946F7F76CF92B
:108ED000F01BC6B26846C11932460848F7F764F974
:108EE0002E8084F310881C20F8F7D2FA21B0F0BC51
:108EF00008BC04B018470000620000203C040020B9
:108F000002780B785A40027042784B785A4042708F
:108F100082788B785A408270C278CB785A40C2707F
:108F200002790B795A40027142794B795A40427169
:108F300082798B795A408271C279CB795A40C27159
:108F4000027A0B7A5A400272427A4B7A5A40427243
:108F5000827A8B7A5A408272C27ACB7A5A40C27233
:108F6000027B0B7B5A400273427B4B7B5A4042731D
:108F7000827B8B7B5A408273C27BC97B4A40C2731F
:108F80007047070020000020F55F0008A95F000877
:108F9000315F00083D5D0008116800089167000816
:108FA000896000087D650008896A0008816D0008F5
:108FB000395D0008495D00088D660008816C000875
:108FC000A56C0008E5680008E96F0008596F000803
:108FD0001B66000821700008BB6500082D700008A2
:108FE000CD650008C96C0008E1670008000C23008B
:108FF0000D1E000ED2001A01001FAA002407002730
:10900000120028C1002994002AC10030D800358FF1
:10901000003B020040000041300131430123400089
:10902000280A0000170000001C0C00000F000000C0
:109030003C0F000007000000501400001600000064
:109040009C1800000E000000781E000006000000C2
:10905000A028000015000000D43000000D00000022
:10906000F03C00000500000040510000140000002A
:10907000A86100000C000000447A00000400000019
:10908000E4A200001300000050C300000B00000029
:1090900024F40000030000008545010012000000D8
:1090A000A08601000A00000048E80100020000005C
:1090B0002C8B020011000000400D0300090000008D
:1090C00090D0030001000000E093040000000000C5
:1090D0000000000000000000010203040607080968
:1090E000030406080C1018203000000000010203E1
:1090F000041F1C1F1E1F1E1F1F1E1F1E1F1F1D1FA4
:109100001E1F1E1F1F1E1F1E1F080A0C0D0E1012F1
:109110001415181A1B1D1E21240A0908070800002F
:10912000000C0B0A09080700000A0908080B0A09C5
:10913000080C0B0A090D0C0B0A0D0D0C0B0B357DE1
:10914000F2F20000003581F2F2F2F200000B357D00
:10915000F2F2000000216DDEDEDEDE00001E1C1AD1
:1091600018161412100E0C0A637C777BF26B6FC515
:109170003001672BFED7AB76CA82C97DFA5947F01A
:10918000ADD4A2AF9CA472C0B7FD9326363FF7CCF6
:1091900034A5E5F171D8311504C723C31896059A93
:1091A000071280E2EB27B27509832C1A1B6E5AA0B6
:1091B000523BD6B329E32F8453D100ED20FCB15BA1
:1091C0006ACBBE394A4C58CFD0EFAAFB434D33850A
:1091D00045F9027F503C9FA851A3408F929D38F5DE
:1091E000BCB6DA2110FFF3D2CD0C13EC5F97441715
:1091F000C4A77E3D645D197360814FDC222A90888C
:1092000046EEB814DE5E0BDBE0323A0A4906245C17
:10921000C2D3AC629195E479E7C8376D8DD54EA97C
:109220006C56F4EA657AAE08BA78252E1CA6B4C648
:10923000E8DD741F4BBD8B8A703EB5664803F60EA1
:10924000613557B986C11D9EE1F8981169D98E9490
:109250009B1E87E9CE5528DF8CA1890DBFE64268A9
:1092600041992D0FB054BB16C6F8EEF6FFD6DE912D
:109270006002CE56E7B54DEC8F1F89FAEFB28EFB38
:1092800041B35F452353E49B75E13D4C6C7EF58310
:109290006851D1F9E2AB622A0895469D30370A2F12
:1092A0000E241BDFCD4E7FEA121D583436DCB45B32
:1092B000A476B77D52DD5E13A6B900C140E379B64E
:1092C000D48D67729498B085BBC54FED869A6611B0
:1092D0008AE904FEA078254BA25D80053F2170F14C
:1092E0006377AF4220E5FDBF811826C3BE35882EC7
:1092F0009355FC7AC8BA32E6C0199EA344543B0B7E
:109300008CC76B28A7BC16ADDB647414920C48B8EC
:109310009FBD43C43931D3F2D58B6EDA01B19C497C
:10932000D8ACF3CFCAF447106FF04A5C3857739744
:10933000CBA1E83E96610D0FE07C71CC9006F71C46
:10934000C26AAE6917993A27D9EB2B22D2A9073303
:109350002D3C15C987AA50A50359091A65D784D091
:1093600082295A1E7BA86D2CA584998D0DBDB15400
:109370005003A97D1962E69A459D408715EBC90BFC
:10938000EC67FDEABFF7965BC21CAE6A5A41024F1A
:109390005CF434089373533F0C52655E28A10FB5FB
:1093A00009369B3D2669CD9F1B9E742E2DB2EEFB88
:1093B000F64D61CE7B3E7197F568002C601FC8EDBD
:1093C000BE46D94BDED4E84A6B2AE516C5D755947C
:1093D000CF100681F044BAE3F3FEC08AADBC480466
:1093E000DFC17563301A0E6D4C14352FE1A2CC39F4
:1093F00057F28247ACE72B95A098D17F667EAB836E
:10940000CA29D33C79E21D763B564E1EDB0A6CE43A
:109410005D6EEFA6A8A4378B324359B78C64D2E0B7
:10942000B4FA0725AF8EE918D5886F7224F1C751B9
:10943000237C9C21DDDC86859042C4AAD8050112DC
:10944000A35FF9D0915827B93813B333BB7089A7FC
:10945000B622922049FF787A8FF88017DA31C6B8A1
:10946000C3B07711CBFCD63A8894000800000020E6
:10947000400100001C080008F09400084001002092
:10948000E0120000D87A00083112501208E450E8C7
:109490000313C1601408FD621408D56314088964BD
:1094A0001B08DD0441D480841E13492D1B08AD0424
:1094B0001A990413D13D1B085904415310279201F6
:1094C000890A5910C90113AC054220B8112B7E1529
:1094D0001628AED2A6ABF7158809CF4F3C43E94416
:1094E00009155B01340A1D495412010A130578005D
:04000005080000C12E
:00000001FF
